Code,Name,Market,Marcap
005930,삼성전자,KOSPI,2040351234192000
000660,SK하이닉스,KOSPI,1684115688495000
005935,삼성전자우,KOSPI,183743005487000
402340,SK스퀘어,KOSPI,165739732816000
005380,현대차,KOSPI,153568324500000
009150,삼성전기,KOSPI,149760860480000
373220,LG에너지솔루션,KOSPI,106470000000000
032830,삼성생명,KOSPI,82000000000000
028260,삼성물산,KOSPI,73786249355000
329180,HD현대중공업,KOSPI,71793477900000
012330,현대모비스,KOSPI,69047495663000
034020,두산에너빌리티,KOSPI,68475986507400
000270,기아,KOSPI,66331168360200
207940,삼성바이오로직스,KOSPI,63742639527000
066570,LG전자,KOSPI,61977604759000
012450,한화에어로스페이스,KOSPI,58679150338000
105560,KB금융,KOSPI,56710554205500
006400,삼성SDI,KOSPI,52541765560000
034730,SK,KOSPI,47634275871000
055550,신한지주,KOSPI,43952993828600
035420,NAVER,KOSPI,42591230184000
068270,셀트리온,KOSPI,42580852769700
010120,LS ELECTRIC,KOSPI,40050000000000
267260,HD현대일렉트릭,KOSPI,38426245910000
042660,한화오션,KOSPI,38271032910600
011070,LG이노텍,KOSPI,36210673710000
000150,두산,KOSPI,35675018505000
298040,효성중공업,KOSPI,35535852428000
006800,미래에셋증권,KOSPI,34077622992000
005490,POSCO홀딩스,KOSPI,32726750651000
086790,하나금융지주,KOSPI,31250486497200
010130,고려아연,KOSPI,28700332375000
009540,HD한국조선해양,KOSPI,28627725422000
018260,삼성에스디에스,KOSPI,28010763600000
042700,한미반도체,KOSPI,27926474600000
000810,삼성화재,KOSPI,26967073692000
307950,현대오토에버,KOSPI,25723695116000
051910,LG화학,KOSPI,25660316680500
003550,LG,KOSPI,25569938793000
015760,한국전력,KOSPI,24811911576050
010140,삼성중공업,KOSPI,24244000000000
017670,SK텔레콤,KOSPI,24099443946600
064350,현대로템,KOSPI,23247308409000
267250,HD현대,KOSPI,22197056885000
316140,우리금융지주,KOSPI,21581843808000
003670,포스코퓨처엠,KOSPI,20546576820000
247540,에코프로비엠,KOSDAQ GLOBAL,20250899838000
096770,SK이노베이션,KOSPI,19643933965600
196170,알테오젠,KOSDAQ GLOBAL,19612601538000
272210,한화시스템,KOSPI,19269777678000
033780,KT&G,KOSPI,19215315405600
035720,카카오,KOSPI,18860189217800
011200,HMM,KOSPI,18647814666900
138040,메리츠금융지주,KOSPI,17755545665300
086520,에코프로,KOSDAQ GLOBAL,17705210220800
086280,현대글로비스,KOSPI,17437500000000
079550,LIG디펜스앤에어로스페이스,KOSPI,17072000000000
024110,기업은행,KOSPI,15988388673450
278470,에이피알,KOSPI,15967373107500
047810,한국항공우주,KOSPI,15888442441000
000720,현대건설,KOSPI,15467315758500
277810,레인보우로보틱스,KOSDAQ,15306487962000
006260,LS,KOSPI,14539200000000
064400,LG씨엔에스,KOSPI,13922510727600
071050,한국금융지주,KOSPI,13708594032000
030200,KT,KOSPI,13407553642000
0126Z0,삼성에피스홀딩스,KOSPI,12006071142500
010950,S-Oil,KOSPI,11787418322400
259960,크래프톤,KOSPI,11511179753500
005940,NH투자증권,KOSPI,11117944312800
016360,삼성증권,KOSPI,11117850000000
047050,포스코인터내셔널,KOSPI,10836843740800
323410,카카오뱅크,KOSPI,10568217679550
443060,HD현대마린솔루션,KOSPI,10446196180000
005387,현대차2우B,KOSPI,10331841315000
007660,이수페타시스,KOSPI,10233245128600
039490,키움증권,KOSPI,9992988396000
047040,대우건설,KOSPI,9964510221500
028050,삼성E&A,KOSPI,9858800000000
003490,대한항공,KOSPI,9500093053800
001440,대한전선,KOSPI,9329247569600
352820,하이브,KOSPI,9310085784000
005830,DB손해보험,KOSPI,9235549209000
000880,한화,KOSPI,9088470759100
454910,두산로보틱스,KOSPI,8971085232000
353200,대덕전자,KOSPI,8786329265000
003230,삼양식품,KOSPI,8783495490000
036930,주성엔지니어링,KOSDAQ GLOBAL,8622247945500
161390,한국타이어앤테크놀로지,KOSPI,8510217240300
950160,코오롱티슈진,KOSDAQ,7939767885000
034220,LG디스플레이,KOSPI,7900000000000
000990,DB하이텍,KOSPI,7891732263200
000250,삼천당제약,KOSDAQ,7658864608000
062040,산일전기,KOSPI,7577422875000
180640,한진칼,KOSPI,7423965424800
058470,리노공업,KOSDAQ GLOBAL,7415413005000
028300,HLB,KOSDAQ,7392501376500
009830,한화솔루션,KOSPI,6978836961600
326030,SK바이오팜,KOSPI,6977710575000
032640,LG유플러스,KOSPI,6969103359440
267270,HD건설기계,KOSPI,6948675065000
128940,한미약품,KOSPI,6905124149000
005385,현대차우,KOSPI,6885583200000
078930,GS,KOSPI,6799950234000
000100,유한양행,KOSPI,6642609923400
010060,OCI홀딩스,KOSPI,6553251432000
090430,아모레퍼시픽,KOSPI,6510244076700
087010,펩트론,KOSDAQ,6493881975000
377300,카카오페이,KOSPI,6411147435000
021240,코웨이,KOSPI,6369068340000
036570,NC,KOSPI,6366258501000
241560,두산밥캣,KOSPI,6326500290000
066970,엘앤에프,KOSPI,6270600485000
298380,에이비엘바이오,KOSDAQ,6264997109700
000500,가온전선,KOSPI,6087866320000
011790,SKC,KOSPI,5926388637000
108490,로보티즈,KOSDAQ,5899453770000
022100,포스코DX,KOSPI,5883744012300
336260,두산퓨얼셀,KOSPI,5868237849600
440110,파두,KOSDAQ,5565757479700
039030,이오테크닉스,KOSDAQ GLOBAL,5543797500000
141080,리가켐바이오,KOSDAQ GLOBAL,5434450562400
018880,한온시스템,KOSPI,5357090521440
001040,CJ,KOSPI,5339390634000
029780,삼성카드,KOSPI,5312130152350
138930,BNK금융지주,KOSPI,5272456290670
004020,현대제철,KOSPI,5217730193500
088980,맥쿼리인프라,KOSPI,5181935964260
082740,한화엔진,KOSPI,5157033375600
052690,한전기술,KOSPI,5136768000000
271560,오리온,KOSPI,5048764056400
240810,원익IPS,KOSDAQ GLOBAL,5040916632700
004170,신세계,KOSPI,4873713396000
178320,서진시스템,KOSDAQ,4778744199700
002380,KCC,KOSPI,4760464384000
310210,보로노이,KOSDAQ,4600542750000
175330,JB금융지주,KOSPI,4536911374400
214370,케어젠,KOSDAQ,4512060000000
319400,현대무벡스,KOSDAQ,4455041560000
103590,일진전기,KOSPI,4444278348000
095340,ISC,KOSDAQ GLOBAL,4440783651000
450080,에코프로머티,KOSPI,4249406980700
023530,롯데쇼핑,KOSPI,4172591362500
088350,한화생명,KOSPI,4155916050000
403870,HPSP,KOSDAQ GLOBAL,3835180000000
051900,LG생활건강,KOSPI,3799878607000
222800,심텍,KOSDAQ GLOBAL,3753885886200
347850,디앤디파마텍,KOSDAQ,3640124615700
489790,한화비전,KOSPI,3574578012000
251270,넷마블,KOSPI,3514993095900
226950,올릭스,KOSDAQ,3507940742400
012510,더존비즈온,KOSPI,3497778348300
005850,에스엘,KOSPI,3446480184000
111770,영원무역,KOSPI,3403120742400
080220,제주반도체,KOSDAQ,3392619050500
020150,롯데에너지머티리얼즈,KOSPI,3367099270900
011170,롯데케미칼,KOSPI,3353592849600
004800,효성,KOSPI,3306230382500
011780,금호석유화학,KOSPI,3250326390000
035250,강원랜드,KOSPI,3206968095000
010170,대한광통신,KOSDAQ,3203004596000
036460,한국가스공사,KOSPI,3184798500000
302440,SK바이오사이언스,KOSPI,3161799085900
017800,현대엘리베이터,KOSPI,3100026130500
214450,파마리서치,KOSDAQ GLOBAL,3096115104000
097950,CJ제일제당,KOSPI,3063526851000
145020,휴젤,KOSDAQ GLOBAL,3057552200500
009420,한올바이오파마,KOSPI,3035181067800
131970,두산테스나,KOSDAQ GLOBAL,3032443642200
357780,솔브레인,KOSDAQ GLOBAL,2994747910000
031210,서울보증보험,KOSPI,2977891154700
014680,한솔케미칼,KOSPI,2961935797500
000155,두산우,KOSPI,2941396032000
001450,현대해상,KOSPI,2932539800000
204320,HL만도,KOSPI,2930124288000
214150,클래시스,KOSDAQ GLOBAL,2899725042550
007810,코리아써키트,KOSPI,2868321352000
084370,유진테크,KOSDAQ,2862213645800
064760,티씨케이,KOSDAQ GLOBAL,2845161372000
058610,에스피지,KOSDAQ,2836484344000
457190,이수스페셜티케미컬,KOSPI,2828486419200
263750,펄어비스,KOSDAQ GLOBAL,2801206478000
001720,신영증권,KOSPI,2798088000000
043260,성호전자,KOSDAQ,2797905367350
139130,iM금융지주,KOSPI,2793261498370
375500,DL이앤씨,KOSPI,2785940856000
005290,동진쎄미켐,KOSDAQ,2747289791400
028670,팬오션,KOSPI,2731650206320
383220,F&F,KOSPI,2731294447500
319660,피에스케이,KOSDAQ GLOBAL,2717077773200
237690,에스티팜,KOSDAQ GLOBAL,2701556221000
067310,하나마이크론,KOSDAQ,2671861885200
032820,우리기술,KOSDAQ,2666744590440
012750,에스원,KOSPI,2663742377800
483650,달바글로벌,KOSPI,2525005912500
004990,롯데지주,KOSPI,2506543966400
009970,영원무역홀딩스,KOSPI,2498708768700
006360,GS건설,KOSPI,2469025986500
007340,DN오토모티브,KOSPI,2463307416500
011210,현대위아,KOSPI,2447557470000
139480,이마트,KOSPI,2420153326300
069960,현대백화점,KOSPI,2417426635200
001740,SK네트웍스,KOSPI,2383055401320
071970,HD현대마린엔진,KOSPI,2367720351000
439260,대한조선,KOSPI,2361501260000
082920,비츠로셀,KOSDAQ,2357652804000
026960,동서,KOSPI,2352920000000
257720,실리콘투,KOSDAQ,2344351009000
100790,미래에셋벤처투자,KOSDAQ,2329515200900
218410,RFHIC,KOSDAQ,2326081519200
098460,고영,KOSDAQ,2323963456750
004370,농심,KOSPI,2323569244000
051600,한전KPS,KOSPI,2299500000000
000240,한국앤컴퍼니,KOSPI,2297432808000
279570,케이뱅크,KOSPI,2271892845600
008930,한미사이언스,KOSPI,2267179882500
003690,코리안리,KOSPI,2265563617420
031980,피에스케이홀딩스,KOSDAQ,2264051475000
083650,비에이치아이,KOSDAQ,2221806125000
0009K0,에임드바이오,KOSDAQ,2211753706200
078600,대주전자재료,KOSDAQ,2201096228400
131290,티에스이,KOSDAQ,2191269084900
00680K,미래에셋증권2우B,KOSPI,2188095000000
009155,삼성전기우,KOSPI,2186051968000
103140,풍산,KOSPI,2171881545000
229640,LS에코에너지,KOSPI,2165178945300
095610,테스,KOSDAQ,2154768000000
282330,BGF리테일,KOSPI,2151846297000
030530,원익홀딩스,KOSDAQ,2143353972750
066575,LG전자우,KOSPI,2137353595600
030000,제일기획,KOSPI,2131713899250
008770,호텔신라,KOSPI,2127248158200
120110,코오롱인더,KOSPI,2117184462400
018670,SK가스,KOSPI,2106023010000
068760,셀트리온제약,KOSDAQ,2100230303600
007070,GS리테일,KOSPI,2069283521250
085620,미래에셋생명,KOSPI,2034459000000
097230,HJ중공업,KOSPI,2022615705600
161890,한국콜마,KOSPI,2018234083500
035900,JYP Ent.,KOSDAQ GLOBAL,2007585798000
005440,현대지에프홀딩스,KOSPI,2006488353870
290650,엘앤씨바이오,KOSDAQ,1998455066400
081660,미스토홀딩스,KOSPI,1985634816000
112610,씨에스윈드,KOSPI,1971513090250
322000,HD현대에너지솔루션,KOSPI,1956640000000
192820,코스맥스,KOSPI,1952115548000
181710,NHN,KOSPI,1952087084400
140860,파크시스템스,KOSDAQ GLOBAL,1946686382000
001430,세아베스틸지주,KOSPI,1925795790300
000120,CJ대한통운,KOSPI,1925361833600
140410,메지온,KOSDAQ,1878235920600
041510,에스엠,KOSDAQ GLOBAL,1824706793000
089030,테크윙,KOSDAQ,1823039334000
060370,LS마린솔루션,KOSDAQ,1820524061900
007390,네이처셀,KOSDAQ,1759077028800
462870,시프트업,KOSPI,1715639445000
002790,아모레퍼시픽홀딩스,KOSPI,1712663232000
323280,태성,KOSDAQ,1704019284000
023590,다우기술,KOSPI,1701191361600
420770,기가비스,KOSDAQ,1701086723600
347700,스피어,KOSDAQ,1699738502250
017960,한국카본,KOSPI,1661399024900
005070,코스모신소재,KOSPI,1659067821450
437730,삼현,KOSDAQ,1648793484000
476830,알지노믹스,KOSDAQ,1641406587600
006280,녹십자,KOSPI,1609236282600
298020,효성티앤씨,KOSPI,1596914658000
096530,씨젠,KOSDAQ,1595504116700
077970,STX엔진,KOSPI,1567781860150
001800,오리온홀딩스,KOSPI,1556738736700
039200,오스코텍,KOSDAQ,1551369036800
001120,LX인터내셔널,KOSPI,1550400000000
395400,SK리츠,KOSPI,1547230566800
361610,SK아이이테크놀로지,KOSPI,1530236641000
006040,동원산업,KOSPI,1520651214550
003540,대신증권,KOSPI,1508585735950
127120,제이에스링크,KOSDAQ,1483511821100
445680,큐리옥스바이오시스템즈,KOSDAQ,1476039279000
069620,대웅제약,KOSPI,1473812340000
031330,에스에이엠티,KOSDAQ,1469927484900
032350,롯데관광개발,KOSPI,1465463136340
003570,SNT다이내믹스,KOSPI,1446492319500
020560,아시아나항공,KOSPI,1437815162780
099320,쎄트렉아이,KOSDAQ,1433522290200
192080,더블유게임즈,KOSPI,1427091743200
101490,에스앤에스텍,KOSDAQ,1418769453500
397030,에이프릴바이오,KOSDAQ,1404829560000
417200,LS머트리얼즈,KOSDAQ,1390262142450
089970,브이엠,KOSDAQ,1382277321000
032500,케이엠더블유,KOSDAQ,1379668622700
027360,아주IB투자,KOSDAQ,1376211812160
475830,오름테라퓨틱,KOSDAQ,1370398802500
195870,해성디에스,KOSPI,1370200000000
475150,SK이터닉스,KOSPI,1355866759200
073240,금호타이어,KOSPI,1351559650335
189300,인텔리안테크,KOSDAQ,1336818376500
090710,휴림로봇,KOSDAQ,1334336890490
007310,오뚜기,KOSPI,1332603475000
490470,세미파이브,KOSDAQ,1314095748500
294870,IPARK현대산업개발,KOSPI,1312874013600
036540,SFA반도체,KOSDAQ,1304170202790
232140,와이씨,KOSDAQ,1302059704500
051915,LG화학우,KOSPI,1301713840000
003530,한화투자증권,KOSPI,1295868561000
038500,삼표시멘트,KOSDAQ,1293916508940
004000,롯데정밀화학,KOSPI,1284840000000
034230,파라다이스,KOSPI,1282916940700
030610,교보증권,KOSPI,1274105903980
491000,리브스메드,KOSDAQ,1257720867300
281820,케이씨텍,KOSPI,1251275375200
003380,하림지주,KOSDAQ GLOBAL,1241022280680
085660,차바이오텍,KOSDAQ,1238357043360
065350,신성델타테크,KOSDAQ,1236777660000
012630,HDC,KOSPI,1236653624700
195940,HK이노엔,KOSDAQ GLOBAL,1236599742150
458870,씨어스,KOSDAQ,1202687784000
281740,레이크머티리얼즈,KOSDAQ,1195638668120
166090,하나머티리얼즈,KOSDAQ GLOBAL,1194571509600
295310,에이치브이엠,KOSDAQ,1194309996300
090360,로보스타,KOSDAQ,1191450000000
328130,루닛,KOSDAQ,1190122176000
001820,삼화콘덴서,KOSPI,1185030000000
415640,KB발해인프라,KOSPI,1185015449160
093370,후성,KOSPI,1154067350800
000815,삼성화재우,KOSPI,1147178130000
466100,클로봇,KOSDAQ,1144392793050
006110,삼아알미늄,KOSPI,1141820852500
388720,유일로보틱스,KOSDAQ,1135721658000
089860,롯데렌탈,KOSPI,1132852905600
082640,동양생명,KOSPI,1117408079960
000080,하이트진로,KOSPI,1115124414900
439960,코스모로보틱스,KOSDAQ,1107757257000
204270,제이앤티씨,KOSDAQ,1107219639240
456040,OCI,KOSPI,1101156885000
388210,씨엠티엑스,KOSDAQ,1098675044400
000210,DL,KOSPI,1085514791200
048410,현대바이오,KOSDAQ,1080862406400
115180,큐리언트,KOSDAQ,1074383625600
185750,종근당,KOSPI,1069715450000
003090,대웅,KOSPI,1061672554800
137400,피엔티,KOSDAQ GLOBAL,1061344614400
003240,태광산업,KOSPI,1056616600000
100090,SK오션플랜트,KOSPI,1050882129780
161580,필옵틱스,KOSDAQ,1045524216200
356860,티엘비,KOSDAQ,1045208569000
496320,본시스템즈,KONEX,1039340379000
330590,롯데리츠,KOSPI,1034508604720
300720,한일시멘트,KOSPI,1028897473910
280360,롯데웰푸드,KOSPI,1025389543600
003470,유안타증권,KOSPI,1019938503360
124500,아이티센글로벌,KOSDAQ,1019838961650
090460,비에이치,KOSPI,1019774024500
009450,경동나비엔,KOSPI,1005232848000
005300,롯데칠성,KOSPI,1003975248800
183300,코미코,KOSDAQ GLOBAL,1000041390400
036830,솔브레인홀딩스,KOSDAQ GLOBAL,987266685150
071055,한국금융지주우,KOSPI,983014517800
160190,하이젠알앤엠,KOSDAQ,974516400000
056190,에스에프에이,KOSDAQ GLOBAL,962354768000
365550,ESR켄달스퀘어리츠,KOSPI,962207990000
000670,영풍,KOSPI,957355516000
083450,GST,KOSDAQ,956517000000
126340,비나텍,KOSDAQ,949374871200
033100,제룡전기,KOSDAQ,944469649200
376900,로킷헬스케어,KOSDAQ,942903066600
456160,지투지바이오,KOSDAQ,933158247600
057050,현대홈쇼핑,KOSPI,925200000000
050890,쏠리드,KOSDAQ,923499316800
213420,덕산네오룩스,KOSDAQ GLOBAL,919995181950
248070,솔루엠,KOSPI,918549893560
298050,HS효성첨단소재,KOSPI,916149366000
222080,씨아이에스,KOSDAQ GLOBAL,912361089120
00088K,한화3우B,KOSPI,911038504950
006340,대원전선,KOSPI,910391369760
052020,에스티큐브,KOSDAQ,906897101940
137310,에스디바이오센서,KOSPI,903203282960
108320,LX세미콘,KOSPI,901042220000
005690,파미셀,KOSPI,897060009300
192400,쿠쿠홀딩스,KOSPI,874829751000
086450,동국제약,KOSDAQ GLOBAL,869328672400
499790,GS피앤엘,KOSPI,861650041450
035760,CJ ENM,KOSDAQ GLOBAL,857429921400
451800,한화리츠,KOSPI,853998000000
358570,지아이이노베이션,KOSDAQ,848374177200
293490,카카오게임즈,KOSDAQ GLOBAL,844894832510
336370,솔루스첨단소재,KOSPI,839799434240
006120,SK디스커버리,KOSPI,838472110650
033790,피노,KOSDAQ,834021012440
030190,NICE평가정보,KOSPI,831830761240
122870,와이지엔터테인먼트,KOSDAQ,830817128050
010780,아이에스동서,KOSPI,830141840000
074600,원익QnC,KOSDAQ GLOBAL,829386400000
079900,전진건설로봇,KOSPI,825938047000
025540,한국단자,KOSPI,819315000000
075580,세진중공업,KOSPI,818632166400
036530,SNT홀딩스,KOSPI,816824688600
006650,대한유화,KOSPI,815750000000
033240,자화전자,KOSPI,815607700500
094170,동운아나텍,KOSDAQ,814442007200
071320,지역난방공사,KOSPI,812827828800
486990,노타,KOSDAQ,807954805500
121600,나노신소재,KOSDAQ,805067498700
046890,서울반도체,KOSDAQ GLOBAL,804614520000
214320,이노션,KOSPI,804000000000
476060,온코닉테라퓨틱스,KOSDAQ,799632062400
005090,SGC에너지,KOSPI,798277048200
033640,네패스,KOSDAQ,797848389200
014620,성광벤드,KOSDAQ,796720920000
052400,코나아이,KOSDAQ,796612017700
023160,태광,KOSDAQ,788950881000
056080,유진로봇,KOSDAQ,787755192000
064960,SNT모티브,KOSPI,782938024000
253450,스튜디오드래곤,KOSDAQ GLOBAL,777012173300
001510,SK증권,KOSPI,774838534750
171090,선익시스템,KOSDAQ,770830363800
032190,다우데이타,KOSDAQ,767915000000
241710,코스메카코리아,KOSDAQ,765756000000
252990,샘씨엔에스,KOSDAQ,762960653630
100840,SNT에너지,KOSPI,761052814400
004490,세방전지,KOSPI,759528000000
003850,보령,KOSPI,748064445040
365340,성일하이텍,KOSDAQ,746840447000
060250,NHN KCP,KOSDAQ,744577727940
178920,PI첨단소재,KOSPI,742967946600
003160,디아이,KOSPI,735800000000
079160,CJ CGV,KOSPI,734357877475
009240,한샘,KOSPI,731905160800
348370,엔켐,KOSDAQ,729636066900
037460,삼지전자,KOSDAQ,719646820200
285130,SK케미칼,KOSPI,718763727300
053610,프로텍,KOSDAQ,711000000000
000370,한화손해보험,KOSPI,710939992350
002020,코오롱,KOSPI,708631632000
086900,메디톡스,KOSDAQ,692627365300
348210,넥스틴,KOSDAQ GLOBAL,692530030500
044490,태웅,KOSDAQ,692255382600
174900,앱클론,KOSDAQ,690343663400
00104K,CJ4우(전환),KOSPI,689766758400
053800,안랩,KOSDAQ,685392769600
336570,원텍,KOSDAQ,685291941900
005880,대한해운,KOSPI,682610624100
009520,포스코엠텍,KOSDAQ GLOBAL,681691048110
225570,넥슨게임즈,KOSDAQ,679676995680
006730,서부T&D,KOSDAQ,677187806890
389470,인벤티지랩,KOSDAQ,674700795600
069260,TKG휴켐스,KOSPI,673270344360
036810,에프에스티,KOSDAQ,670060969550
059090,미코,KOSDAQ,670006398900
003620,KG모빌리티,KOSPI,667837209600
249420,일동제약,KOSPI,667567117200
484870,엠앤씨솔루션,KOSPI,667319310000
317450,명인제약,KOSPI,667220000000
005180,빙그레,KOSPI,665516425800
058650,세아홀딩스,KOSPI,662213039600
399720,가온칩스,KOSDAQ,661791379600
383310,에코프로에이치엔,KOSDAQ,661759104600
093050,LF,KOSPI,659362000000
114090,GKL,KOSPI,658144328800
002350,넥센타이어,KOSPI,655351454670
007700,F&F홀딩스,KOSPI,655165647250
112040,위메이드,KOSDAQ,654187267410
001680,대상,KOSPI,653115271250
082270,젬백스,KOSDAQ,644559595680
348340,뉴로메카,KOSDAQ,642831852000
005389,현대차3우B,KOSPI,640049300000
008060,대덕,KOSPI,638256799200
102940,코오롱생명과학,KOSDAQ,637512366100
002960,한국쉘석유,KOSPI,636350000000
293940,신한알파리츠,KOSPI,633726244520
001570,금양,KOSPI,633275240400
383800,LX홀딩스,KOSPI,630841306300
001060,JW중외제약,KOSPI,629884406500
327260,RF머트리얼즈,KOSDAQ,620144855000
006380,카프로,KOSPI,618539985360
003030,세아제강지주,KOSPI,616692727300
356680,엑스게이트,KOSDAQ,615112252600
102710,이엔에프테크놀로지,KOSDAQ,614376948000
253590,네오셈,KOSDAQ,613290912720
001270,부국증권,KOSPI,606638331000
014820,동원시스템즈,KOSPI,605917793800
033500,동성화인텍,KOSDAQ,605787778800
000400,롯데손해보험,KOSPI,604535151360
000640,동아쏘시오홀딩스,KOSPI,603234419200
089890,코세스,KOSDAQ,600375624400
477850,마키나락스,KOSDAQ,589399104000
272290,이녹스첨단소재,KOSDAQ GLOBAL,587159640050
001500,현대차증권,KOSPI,585558926680
278280,천보,KOSDAQ,584063606000
161000,애경케미칼,KOSPI,583784508000
089010,켐트로닉스,KOSDAQ,583596939600
017940,E1,KOSPI,583100000000
376300,디어유,KOSDAQ,579217106400
041830,인바디,KOSDAQ,576307705500
015750,성우하이텍,KOSDAQ,571200000000
039130,하나투어,KOSPI,570803994200
448900,한국피아이엠,KOSDAQ,570391512300
067160,SOOP,KOSDAQ GLOBAL,569565704850
005250,녹십자홀딩스,KOSPI,569511623100
019210,와이지-원,KOSDAQ,566832414720
122640,예스티,KOSDAQ,565448637600
475960,토모큐브,KOSDAQ,564104999100
452260,한화갤러리아,KOSPI,561223570950
016380,KG스틸,KOSPI,561049912170
093320,케이아이엔엑스,KOSDAQ,560712000000
005810,풍산홀딩스,KOSPI,560111794200
368770,파이버프로,KOSDAQ,557536198250
077360,덕산하이메탈,KOSDAQ,556603274500
017900,광전자,KOSPI,556260124800
425420,티에프이,KOSDAQ,555623145000
002840,미원상사,KOSPI,551000000000
332570,PS일렉트로닉스,KOSDAQ,541387015170
033160,엠케이전자,KOSDAQ,540746315100
041960,코미팜,KOSDAQ,539371413500
200710,에이디테크놀로지,KOSDAQ,538480280000
214430,아이쓰리시스템,KOSDAQ,534888138000
064290,인텍플러스,KOSDAQ,533854423000
460930,현대힘스,KOSDAQ,533725385130
393890,더블유씨피,KOSDAQ GLOBAL,531337360800
042000,카페24,KOSDAQ,528292992650
453340,현대그린푸드,KOSPI,527663288750
002240,고려제강,KOSPI,524070000000
104830,원익머트리얼즈,KOSDAQ,523232000000
000157,두산2우B,KOSPI,521534192000
045100,한양이엔지,KOSDAQ,521500000000
003545,대신증권우,KOSPI,521467506900
005420,코스모화학,KOSPI,520431489400
092190,서울바이오시스,KOSDAQ,519230095560
460860,동국제강,KOSPI,516419456970
094800,맵스리얼티,KOSPI,514302193740
003300,한일홀딩스,KOSPI,512442532080
019170,신풍제약,KOSPI,511080589500
125490,한라캐스트,KOSDAQ,509937857440
041190,우리기술투자,KOSDAQ,509880000000
271940,일진하이솔루스,KOSPI,508747791900
001530,DI동일,KOSPI,505461152400
217590,티엠씨,KOSPI,504774013750
230360,에코마케팅,KOSDAQ,495980128000
284740,쿠쿠홈시스,KOSPI,495864993000
003280,흥아해운,KOSPI,495275291940
389500,에스비비테크,KOSDAQ,495095969600
268280,미원에스씨,KOSPI,492500000000
024850,HLB이노베이션,KOSDAQ,491862396560
035890,서희건설,KOSDAQ,489492013410
0011T0,채비,KOSDAQ,489214738220
099190,아이센스,KOSDAQ,489161826090
060280,큐렉소,KOSDAQ,486865522000
030520,한글과컴퓨터,KOSDAQ GLOBAL,484803867200
025980,아난티,KOSDAQ,484558930200
377740,바이오노트,KOSPI,484468158240
290550,디케이티,KOSDAQ,484029766000
455900,엔젤로보틱스,KOSDAQ,483537859600
009410,태영건설,KOSPI,482095926360
009900,명신산업,KOSPI,481675820940
031430,신세계인터내셔날,KOSPI,479658060000
011930,신성이엔지,KOSPI,478596948750
372320,큐로셀,KOSDAQ,477332529300
020000,한섬,KOSPI,473567717700
014830,유니드,KOSPI,473055240000
016610,DB증권,KOSPI,471154917900
448730,삼성FN리츠,KOSPI,469818000000
330860,네패스아크,KOSDAQ,469694934750
008730,율촌화학,KOSPI,467728000000
005945,NH투자증권우,KOSPI,467056458000
003000,부광약품,KOSPI,465697247120
006405,삼성SDI우,KOSPI,463527204000
211050,인카금융서비스,KOSDAQ,463078375800
340570,티앤엘,KOSDAQ,461670400000
199800,툴젠,KOSDAQ,457979316100
006910,보성파워텍,KOSDAQ,456907363200
078160,메디포스트,KOSDAQ,456341578920
034950,한국기업평가,KOSDAQ,456321657000
078350,한양디지텍,KOSDAQ,455807021800
145990,삼양사,KOSPI,454823100900
493280,아이엠바이오로직스,KOSDAQ,454461311850
001200,유진투자증권,KOSPI,454303500420
018290,브이티,KOSDAQ,454243894000
064260,다날,KOSDAQ,452359832860
130660,한전산업,KOSPI,452162000000
025900,동화기업,KOSDAQ GLOBAL,446926399400
107640,한중엔시에스,KOSDAQ,444635601300
101930,인화정공,KOSDAQ,443639980100
085910,네오티스,KOSDAQ,443127212400
251970,펌텍코리아,KOSDAQ,441440000000
034310,NICE,KOSPI,441085884000
025320,시노펙스,KOSDAQ,440997337605
452280,한선엔지니어링,KOSDAQ,440771643000
004690,삼천리,KOSPI,436663950800
000070,삼양홀딩스,KOSPI,436291334200
381970,케이카,KOSPI,435481964160
010820,퍼스텍,KOSPI,432607090060
039440,에스티아이,KOSDAQ,430320554250
456010,아이씨티케이,KOSDAQ,426631722300
036620,감성코퍼레이션,KOSDAQ,425820242555
079940,가비아,KOSDAQ,425435682800
138080,오이솔루션,KOSDAQ,425175987300
354320,알멕,KOSDAQ,423748560300
095660,네오위즈,KOSDAQ,423641867220
424870,이뮨온시아,KOSDAQ,423575372610
168360,펨트론,KOSDAQ,423514632170
072710,농심홀딩스,KOSPI,422966448000
065680,우주일렉트로,KOSDAQ,421827501150
013030,하이록코리아,KOSDAQ,420122740800
394280,오픈엣지테크놀로지,KOSDAQ,418909827000
170920,엘티씨,KOSDAQ,418867595900
468530,프로티나,KOSDAQ,418786143600
230240,에치에프알,KOSDAQ,413909900000
215200,메가스터디교육,KOSDAQ GLOBAL,412535596800
015860,일진홀딩스,KOSPI,411558008220
101160,월덱스,KOSDAQ,411123725700
027410,BGF,KOSPI,411103617345
117730,티로보틱스,KOSDAQ,408300578300
012030,DB,KOSPI,407377214325
403550,쏘카,KOSPI,406911165780
144960,뉴파워프라즈마,KOSDAQ,406778329440
067630,HLB생명과학,KOSDAQ,405983803140
004700,조광피혁,KOSPI,405597418000
060980,HL홀딩스,KOSPI,403100806800
015360,INVENI,KOSPI,403027500000
105840,우진,KOSPI,402539563100
0120G0,삼양바이오팜,KOSPI,401536980000
069540,빛과전자,KOSDAQ,401396309900
287840,인투셀,KOSDAQ,398833038000
047920,HLB제약,KOSDAQ,398184181840
029530,신도리코,KOSPI,396887529650
417310,코람코더원리츠,KOSPI,394304000000
357120,코람코라이프인프라리츠,KOSPI,394208183700
254490,미래반도체,KOSDAQ,394157400000
950210,프레스티지바이오파마,KOSPI,392427892150
215600,신라젠,KOSDAQ,392106586120
145720,덴티움,KOSPI,391955845950
306200,세아제강,KOSPI,391409400000
425040,티이엠씨,KOSDAQ,390942933780
042520,한스바이오메드,KOSDAQ,390761455800
090435,아모레퍼시픽우,KOSPI,389583927000
110990,디아이티,KOSDAQ,389340000000
344820,KCC글라스,KOSPI,388083441600
098070,한텍,KOSDAQ,387571763850
234340,헥토파이낸셜,KOSDAQ,384193040000
017810,풀무원,KOSPI,381967830840
002030,아세아,KOSPI,381093505200
170900,동아에스티,KOSPI,379871331950
089590,제주항공,KOSPI,378609424575
084110,휴온스글로벌,KOSDAQ,378528378800
002710,TCC스틸,KOSPI,378001510740
179900,유티아이,KOSDAQ,376413636240
016590,신대양제지,KOSPI,374769726000
002810,삼영무역,KOSPI,373955697000
241770,메카로,KOSDAQ,373560256000
092790,넥스틸,KOSPI,371568580000
092870,엑시콘,KOSDAQ,371295174650
078020,LS증권,KOSDAQ,370059537300
078130,국일제지,KOSDAQ,369789125360
080580,오킨스전자,KOSDAQ,366771707450
114810,한솔아이원스,KOSDAQ,366705557220
097520,엠씨넥스,KOSPI,366301575000
417840,저스템,KOSDAQ,365569207030
006220,제주은행,KOSPI,364378089480
126720,수산인더스트리,KOSPI,364293000000
010690,화신,KOSPI,364219876300
005610,삼립,KOSPI,364144179800
079370,제우스,KOSDAQ,363519122800
004710,한솔테크닉스,KOSPI,362243971010
488900,비츠로넥스텍,KOSDAQ,362205537500
119850,지엔씨에너지,KOSDAQ,361053552550
206650,유바이오로직스,KOSDAQ,360622874740
265520,AP시스템,KOSDAQ,358962080850
187660,페니트리움바이오,KOSDAQ,357757331850
183190,아세아시멘트,KOSPI,357397930120
286940,롯데이노베이트,KOSPI,356296592850
02826K,삼성물산우B,KOSPI,355156780000
200470,에이팩트,KOSDAQ,354994339340
200880,서연이화,KOSPI,353802240330
304360,에스바이오메딕스,KOSDAQ,353595404400
441270,파인엠텍,KOSDAQ,350542180800
092230,KPX홀딩스,KOSPI,350223153400
052710,아모텍,KOSDAQ,348509222100
005950,이수화학,KOSPI,348397739250
317330,덕산테코피아,KOSDAQ,347078098800
058430,포스코스틸리온,KOSPI,346800000000
029460,케이씨,KOSPI,346044799000
105630,한세실업,KOSPI,346000000000
376270,HEM파마,KOSDAQ,345392816650
274090,켄코아에어로스페이스,KOSDAQ,344612407800
241520,DSC인베스트먼트,KOSDAQ,342076000000
091810,트리니티항공,KOSPI,341938733580
232530,이엠티,KONEX,340926386240
025860,남해화학,KOSPI,340300074550
091700,파트론,KOSDAQ GLOBAL,339500000000
003800,에이스침대,KOSDAQ,339354000000
484590,삼양컴텍,KOSDAQ,338337794500
092200,디아이씨,KOSPI,337941664610
389650,넥스트바이오메디컬,KOSDAQ,337713268800
094360,칩스앤미디어,KOSDAQ,337199776460
192650,드림텍,KOSPI,336594091120
452430,사피엔반도체,KOSDAQ,335995634700
018250,애경산업,KOSPI,335406174500
011760,현대코퍼레이션,KOSPI,334031391500
058970,엠로,KOSDAQ,333795438000
378340,필에너지,KOSDAQ,333679644260
003720,삼영,KOSPI,333200000000
084690,대상홀딩스,KOSPI,333155349600
005720,넥센,KOSPI,332603374410
101730,위메이드맥스,KOSDAQ,331441996130
482630,삼양엔씨켐,KOSDAQ,330513028000
243070,휴온스,KOSDAQ,330039770750
042370,비츠로테크,KOSDAQ,329596314500
092460,한라IMS,KOSDAQ,329019146400
160980,싸이맥스,KOSDAQ,328819714300
089980,상아프론테크,KOSDAQ,326975806650
049070,인탑스,KOSDAQ,326972000000
445090,에이직랜드,KOSDAQ,325584608400
064820,케이프,KOSDAQ,325266666100
009290,광동제약,KOSPI,325192746240
041920,메디아나,KOSDAQ,325096938040
016800,퍼시스,KOSPI,324300000000
219130,타이거일렉,KOSDAQ,323923077000
099430,바이오플러스,KOSDAQ,322997383280
069080,웹젠,KOSDAQ GLOBAL,322671711500
036200,유니셈,KOSDAQ,321054414810
126560,현대퓨처넷,KOSPI,321051057600
203650,드림시큐리티,KOSDAQ,320478504400
365270,큐라클,KOSDAQ,320043884000
298830,슈어소프트테크,KOSDAQ,319681824020
187870,디바이스,KOSDAQ,318088386000
073490,LIG아큐버,KOSDAQ,316700185900
194370,제이에스코퍼레이션,KOSPI,316282662200
228760,지노믹트리,KOSDAQ,313225945200
078340,컴투스,KOSDAQ GLOBAL,313165006700
036890,진성티이씨,KOSDAQ,313083572830
078520,에이블씨엔씨,KOSPI,312430073610
009160,SIMPAC,KOSPI,311819517360
450950,아스테라시스,KOSDAQ,310803909920
046970,우리로,KOSDAQ,310719242910
086390,유니테스트,KOSDAQ,310460310940
001390,KG케미칼,KOSPI,308599607700
272450,진에어,KOSPI,308502000000
104700,한국철강,KOSPI,308002500000
204620,글로벌텍스프리,KOSDAQ,307840985400
018310,삼목에스폼,KOSDAQ,307230000000
448280,에코아이,KOSDAQ,305793251280
024720,콜마홀딩스,KOSPI,304550779920
0082N0,카나프테라퓨틱스,KOSDAQ,303985940000
136480,하림,KOSDAQ,303759747720
034830,한국토지신탁,KOSPI,302987076000
200130,콜마비앤에이치,KOSDAQ GLOBAL,302686091820
084010,대한제강,KOSPI,302470044800
200670,휴메딕스,KOSDAQ,301523620500
017860,DS단석,KOSPI,301017406050
900290,GRT,KOSDAQ,300206000000
002310,아세아제지,KOSPI,299421780900
355150,코스텍시스,KOSDAQ,298248637500
307180,아이엘,KOSDAQ,298036262080
007690,국도화학,KOSPI,297272707200
061970,LB세미콘,KOSDAQ,296804160660
475400,씨메스로보틱스,KOSDAQ,296252762400
025770,한국정보통신,KOSDAQ,296184183610
236200,슈프리마,KOSDAQ,294664639750
035810,이지홀딩스,KOSDAQ,294193803600
001940,KISCO홀딩스,KOSPI,294159885000
078150,HB테크놀러지,KOSDAQ,292055135400
053030,바이넥스,KOSDAQ,290562431320
462350,이노스페이스,KOSDAQ,290074401800
108670,LX하우시스,KOSPI,289655741000
001340,PKC,KOSPI,289627717120
033270,유나이티드제약,KOSPI,289257889500
026890,스틱인베스트먼트,KOSPI,289230444020
314930,바이오다인,KOSDAQ,289009440130
220100,퓨쳐켐,KOSDAQ,288865169600
144510,지씨셀,KOSDAQ,288198274560
382900,범한퓨얼셀,KOSDAQ,286046650000
112290,와이씨켐,KOSDAQ,285521790800
000650,천일고속,KOSPI,283843092000
064850,에프앤가이드,KOSDAQ,283546750200
000430,대원강업,KOSPI,283340000000
001750,한양증권,KOSPI,281300601400
043150,바텍,KOSDAQ,281191066080
084850,아이티엠반도체,KOSDAQ GLOBAL,280134234900
459510,나우로보틱스,KOSDAQ,279684132100
019010,베뉴지,KOSDAQ,279560000000
357880,SKAI,KOSDAQ,278882681400
017390,서울가스,KOSPI,278685000000
002900,TYM,KOSPI,278208000000
092730,네오팜,KOSDAQ,278085609150
108860,셀바스AI,KOSDAQ,277491484900
0001A0,덕양에너젠,KOSDAQ,277165560100
060720,KH바텍,KOSDAQ,277026071400
194700,노바렉스,KOSDAQ,276743495680
011500,한농화성,KOSPI,276462902560
416180,신성에스티,KOSDAQ,275713229000
123890,한국자산신탁,KOSPI,275341333500
035600,KG이니시스,KOSDAQ,275268795660
003920,남양유업,KOSPI,275100000000
478340,나라스페이스테크놀로지,KOSDAQ,275076145350
003555,LG우,KOSPI,274621348800
180400,DXVX,KOSDAQ,274618115280
061090,세나테크놀로지,KOSDAQ,273032420000
005010,휴스틸,KOSPI,272231223375
352480,씨앤씨인터내셔널,KOSDAQ,271507627920
096760,JW홀딩스,KOSPI,271304537140
005680,삼영전자,KOSPI,270600000000
001230,동국홀딩스,KOSPI,270583424100
389260,대명에너지,KOSDAQ,270178181000
474650,링크솔루션,KOSDAQ,270114029000
243840,신흥에스이씨,KOSDAQ,269522062650
309710,아이티켐,KOSDAQ,268443021000
114190,강원에너지,KOSDAQ,267499909120
023410,유진기업,KOSDAQ,267495585980
900140,엘브이엠씨홀딩스,KOSPI,267444757888
065660,안트로젠,KOSDAQ,267162870000
215000,골프존,KOSDAQ GLOBAL,267018908250
394800,쓰리빌리언,KOSDAQ,266796398400
091580,상신이디피,KOSDAQ,266564380000
046120,오르비텍,KOSDAQ,266442257710
036710,심텍홀딩스,KOSDAQ,266251880160
012860,모베이스전자,KOSDAQ,265837448910
051360,토비스,KOSDAQ,265537605400
182400,엔케이젠바이오텍코리아,KOSDAQ,265496721770
054950,제이브이엠,KOSDAQ,264768634800
036800,나이스정보통신,KOSDAQ,263500000000
043370,피에이치에이,KOSDAQ,262710000000
051500,CJ프레시웨이,KOSDAQ,262362050600
0015G0,그린광학,KOSDAQ,260966664300
308430,셀비온,KOSDAQ,260686070200
267980,매일유업,KOSDAQ,260563692000
005500,삼진제약,KOSPI,260272800000
389020,자람테크놀로지,KOSDAQ,259976337300
004360,세방,KOSPI,259972200800
014940,오리엔탈정공,KOSDAQ,259314131090
338840,와이바이오로직스,KOSDAQ,258621241230
005430,한국공항,KOSPI,258374568000
093520,매커스,KOSDAQ,257674771050
037710,광주신세계,KOSPI,257417055000
001250,GS글로벌,KOSPI,257092674860
0008Z0,에스엔시스,KOSDAQ,256674540800
003120,일성아이에스,KOSPI,256557000000
121800,비덴트,KOSDAQ,256309348520
000680,LS네트웍스,KOSPI,256109802000
190510,나무가,KOSDAQ,255930209890
151860,KG에코솔루션,KOSDAQ,255628120740
251370,와이엠티,KOSDAQ,255427360340
017890,한국알콜,KOSDAQ,255282072000
002320,한진,KOSPI,255126047040
451760,컨텍,KOSDAQ,254269683600
054210,이랜텍,KOSDAQ,254176660500
199820,제일일렉트릭,KOSDAQ,253974600000
217730,강스템바이오텍,KOSDAQ,253946202300
334890,이지스밸류플러스리츠,KOSPI,253487692950
377460,큐에이드,KOSDAQ,253187202960
084990,헬릭스미스,KOSDAQ,252588527560
128820,대성산업,KOSPI,252413967240
394420,리센스메디컬,KOSDAQ,250410080200
035510,신세계 I&C,KOSPI,249978492000
950170,JTC,KOSDAQ,249158665620
067390,아스트,KOSDAQ,249094547400
357550,석경에이티,KOSDAQ,248748000000
003960,사조대림,KOSPI,248357055700
308080,바이젠셀,KOSDAQ,247631060800
098120,마이크로컨텍솔,KOSDAQ,246889150200
018000,유니슨,KOSDAQ,246782868084
034120,SBS,KOSPI,246731465400
122900,아이마켓코리아,KOSPI,246704839200
088800,에이스테크,KOSDAQ,246528507010
272110,케이엔제이,KOSDAQ,245978356750
314130,지놈앤컴퍼니,KOSDAQ,245893367500
318060,그래피,KOSDAQ,245809894000
125020,티씨머티리얼즈,KOSDAQ,245620235500
100120,뷰웍스,KOSDAQ,245368090850
304100,솔트룩스,KOSDAQ,245328295400
094480,갤럭시아머니트리,KOSDAQ,245186487500
0030R0,대신밸류리츠,KOSPI,245098000000
004430,송원산업,KOSPI,245040000000
095500,미래나노텍,KOSDAQ,244978992100
475560,더본코리아,KOSPI,244958064400
051370,인터플렉스,KOSDAQ,244471906560
0088M0,메쥬,KOSDAQ,244079225000
472850,폰드그룹,KOSDAQ,242664513180
009470,삼화전기,KOSPI,242396503000
101360,에코앤드림,KOSDAQ,242069011540
088260,이리츠코크렙,KOSPI,241964873800
0007C0,아크릴,KOSDAQ,241712752400
006805,미래에셋증권우,KOSPI,241258355000
037270,YG PLUS,KOSPI,240964871350
494120,큐리오시스,KOSDAQ,240341283000
000490,대동,KOSPI,240127785450
049630,재영솔루텍,KOSDAQ,239873793120
001460,BYC,KOSPI,239852160000
036170,에이치엠넥스,KOSDAQ,239325941400
012210,삼미금속,KOSDAQ,238120288760
322310,오로스테크놀로지,KOSDAQ,236505185500
402030,코난테크놀로지,KOSDAQ,234577725120
03473K,SK우,KOSPI,234096822500
348950,제이알글로벌리츠,KOSPI,233298432000
232680,라온로보틱스,KOSDAQ,233201573220
003200,일신방직,KOSPI,233044000000
000320,노루홀딩스,KOSPI,232860965520
099440,스맥,KOSDAQ,232709973540
010580,에스엠벡셀,KOSPI,232516178400
206640,바디텍메드,KOSDAQ,232223962600
003520,영진약품,KOSPI,232090875639
023760,한국캐피탈,KOSDAQ,231973038360
294570,쿠콘,KOSDAQ,231100662800
419530,SAMG엔터,KOSDAQ,230678201000
115450,HLB테라퓨틱스,KOSDAQ,230308283400
136490,선진,KOSPI,230186566720
417010,나노팀,KOSDAQ,229363917360
242040,나무기술,KOSDAQ,228747405040
003070,코오롱글로벌,KOSPI,228561391410
138610,나이벡,KOSDAQ,228492639300
067080,대화제약,KOSDAQ,226750797000
159010,아스플로,KOSDAQ,226690563000
244920,에이플러스에셋,KOSPI,226303006930
439090,마녀공장,KOSDAQ,226063055400
382800,지앤비에스 에코,KOSDAQ,225682080690
290690,소룩스,KOSDAQ,225589940195
210980,SK디앤디,KOSPI,224897974560
044450,KSS해운,KOSPI,224394753600
149950,아바텍,KOSDAQ,224013652170
030210,다올투자증권,KOSPI,223543759020
432720,퀄리타스반도체,KOSDAQ,223454259000
134380,미원화학,KOSPI,222345994800
484810,티엑스알로보틱스,KOSDAQ,222338666850
119610,인터로조,KOSDAQ,222225654090
000050,경방,KOSPI,222063687000
036030,케이티알파,KOSDAQ,222057351990
000540,흥국화재,KOSPI,221637125250
037560,LG헬로비전,KOSPI,221498033900
064550,바이오니아,KOSDAQ,221194193870
126730,코칩,KOSDAQ,221007175200
000480,CR홀딩스,KOSPI,220385303000
045390,대아티아이,KOSDAQ,219876936240
255220,SG,KOSDAQ,219674420510
007160,사조산업,KOSPI,219500000000
004980,성신양회,KOSPI,219418853350
008490,서흥,KOSPI,219350382480
402490,그린리소스,KOSDAQ,218464299300
226320,잇츠한불,KOSPI,217977391100
405100,큐알티,KOSDAQ,217889306730
418550,제이오,KOSDAQ,217720176400
001630,종근당홀딩스,KOSPI,217678460450
011560,세보엠이씨,KOSDAQ,217350000000
025000,KPX케미칼,KOSPI,217183966400
464080,에스오에스랩,KOSDAQ,216979774050
123860,아나패스,KOSDAQ,216281723600
004380,삼익THK,KOSPI,216108000000
004560,현대비앤지스틸,KOSPI,215626997300
009680,모토닉,KOSPI,215374961540
065710,서호전기,KOSDAQ,215270000000
083310,엘오티베큠,KOSDAQ,215145198640
054450,텔레칩스,KOSDAQ,214896666270
461300,아이스크림미디어,KOSDAQ,214515321300
241590,화승엔터프라이즈,KOSPI,213880144280
211270,AP위성,KOSDAQ,213565424640
053300,한국정보인증,KOSDAQ,213103254000
051905,LG생활건강우,KOSPI,212770288500
092070,디엔에프,KOSDAQ,212690750040
119830,아이텍,KOSDAQ,212636615610
192440,슈피겐코리아,KOSDAQ,212288796450
068930,디지털대성,KOSDAQ,212269873140
214180,헥토이노베이션,KOSDAQ,212181683110
053690,한미글로벌,KOSPI,211480715000
432320,KB스타리츠,KOSPI,211069999000
013120,동원개발,KOSDAQ,210674792000
256840,한국비엔씨,KOSDAQ,210656248880
126600,BGF에코머티리얼즈,KOSDAQ,210582946145
035150,백산,KOSPI,210102542090
010955,S-Oil우,KOSPI,209140204000
001790,대한제당,KOSPI,208705434300
353810,이지바이오,KOSDAQ,208416096000
003650,미창석유,KOSPI,207890804000
001780,알루코,KOSPI,207700633140
033920,무학,KOSPI,207195000000
004310,현대약품,KOSPI,207040000000
094820,일진파워,KOSDAQ,207030674570
380540,옵티코어,KOSDAQ,206658126350
007860,서연,KOSPI,206622627200
372170,윤성에프앤씨,KOSDAQ,206258390800
446540,메가터치,KOSDAQ,206170896990
418420,라온텍,KOSDAQ,206003260430
053210,스카이라이프,KOSPI,205774395150
488280,에스투더블유,KOSDAQ,205590338580
404990,신한서부티엔디리츠,KOSPI,205129156400
457550,우진엔텍,KOSDAQ,205017076000
117580,대성에너지,KOSPI,204600000000
339770,교촌에프앤비,KOSPI,204357177200
474170,루미르,KOSDAQ,204190796160
005710,대원산업,KOSDAQ,204183144000
078070,유비쿼스홀딩스,KOSDAQ,203863259760
042600,새로닉스,KOSDAQ,202504256200
138360,앤로보틱스,KOSDAQ,202488228860
377190,디앤디플랫폼리츠,KOSPI,202436000000
033530,SJG세종,KOSPI,200867338420
034810,해성산업,KOSDAQ,200849766720
487570,HS효성,KOSPI,200454872600
039570,HDC랩스,KOSPI,200392679720
298690,에어부산,KOSPI,199454400000
092220,KEC,KOSPI,198755508600
102120,어보브반도체,KOSDAQ,198433203480
462860,더즌,KOSDAQ,198406786095
095570,AJ네트웍스,KOSPI,197754556830
041020,폴라리스오피스,KOSDAQ,197741496140
013890,지누스,KOSPI,197332317000
237880,클리오,KOSDAQ,197158461230
052330,코텍,KOSDAQ,196620790230
321550,티움바이오,KOSDAQ,196451626500
012610,경인양행,KOSPI,196013079150
001080,만호제강,KOSPI,195672500000
126700,하이비젼시스템,KOSDAQ,195592246080
489500,엘케이켐,KOSDAQ,195571882800
264850,이랜시스,KOSDAQ,195400247400
036560,KZ정밀,KOSDAQ,194670000000
361390,제노코,KOSDAQ,194240800950
012200,계양전기,KOSPI,194098770770
083930,아바코,KOSDAQ,193739686800
481070,에이유브랜즈,KOSDAQ,193601677500
003547,대신증권2우B,KOSPI,193223693430
024060,흥구석유,KOSDAQ,191250000000
199430,케이엔알시스템,KOSDAQ,191231777880
032580,피델릭스,KOSDAQ,190840688640
003350,한국화장품제조,KOSPI,190797200000
194480,데브시스터즈,KOSDAQ,190791529500
102260,동성케미컬,KOSPI,190517662160
122990,와이솔,KOSDAQ,190469429150
039840,디오,KOSDAQ,190102282760
121440,골프존홀딩스,KOSDAQ,189767103740
293580,나우IB,KOSDAQ,189764970050
102460,이연제약,KOSPI,189585472200
108380,대양전기공업,KOSDAQ,189337520070
123410,코리아에프티,KOSDAQ,189319235200
039830,오로라,KOSDAQ,188673461700
028100,동아지질,KOSPI,188658083180
001130,대한제분,KOSPI,188097000000
001045,CJ우,KOSPI,188050553600
016580,환인제약,KOSPI,187488705600
016790,현대사료,KOSDAQ,187340898626
003220,대원제약,KOSPI,187046042220
000390,SP삼화,KOSPI,186887832030
003610,방림,KOSPI,186803135280
264450,유비쿼스,KOSDAQ,186398416030
371950,풍원정밀,KOSDAQ,185832893600
000140,하이트진로홀딩스,KOSPI,185422052350
452450,피아이이,KOSDAQ,184465920000
013580,계룡건설,KOSPI,183976684200
002150,도화엔지니어링,KOSPI,183774000000
100250,진양홀딩스,KOSPI,183712500000
176750,듀켐바이오,KOSDAQ,183182469600
388050,지투파워,KOSDAQ,182791199490
484120,도우인시스,KOSDAQ,182660224740
216080,제테마,KOSDAQ,182520349605
123330,제닉,KOSDAQ,182482772000
039860,나노엔텍,KOSDAQ,182465723870
008350,남선알미늄,KOSPI,182388754170
084680,이월드,KOSPI,181511927040
950140,잉글우드랩,KOSDAQ,181194937920
036190,금화피에스시,KOSDAQ,180600000000
086820,바이오솔루션,KOSDAQ,179653909050
066620,국보디자인,KOSDAQ,179625000000
024800,유성티엔에스,KOSDAQ,179516029140
011690,와이투솔루션,KOSPI,179484486660
270660,에브리봇,KOSDAQ,179064126130
209640,와이제이링크,KOSDAQ,178622956880
118990,모트렉스,KOSDAQ,177895939750
037030,파워넷,KOSDAQ,176805034560
071200,인피니트헬스케어,KOSDAQ,176630355920
234080,JW생명과학,KOSPI,176396931560
115500,케이씨에스,KOSDAQ,176280000000
058820,CMG제약,KOSDAQ,175932197770
024840,KBI메탈,KOSDAQ,175714782750
002100,경농,KOSPI,175117497750
080160,모두투어,KOSDAQ,174636000000
226590,엠디바이스,KOSDAQ,174040572160
000300,DH오토넥스,KOSPI,174035631000
036010,아비코전자,KOSDAQ,174004506060
377450,리파인,KOSDAQ,173993200000
146320,비씨엔씨,KOSDAQ,173667815110
458650,성우,KOSDAQ,173476575100
025820,이구산업,KOSPI,173229560000
003460,유화증권,KOSPI,172942365750
044820,코스맥스비티아이,KOSPI,172870578000
101530,해태제과식품,KOSPI,172662754460
259630,엠플러스,KOSDAQ,172213559640
042420,네오위즈홀딩스,KOSDAQ,172209285450
114840,아이패밀리에스씨,KOSDAQ,171640209000
403850,더핑크퐁컴퍼니,KOSDAQ,171207549300
380550,뉴로핏,KOSDAQ,170784124000
445180,퓨릿,KOSDAQ,170688636840
031440,신세계푸드,KOSPI,170195496000
187790,나노,KOSDAQ,169624565000
285490,노바텍,KOSDAQ,169319054310
032620,GC메디아이,KOSDAQ,169118730360
260870,SK시그넷,KONEX,169063026600
143160,아이디스,KOSDAQ,168890306400
462520,조선내화,KOSPI,168817592320
016450,한세예스24홀딩스,KOSPI,168800000000
011785,금호석유화학우,KOSPI,168710518800
092130,이크레더블,KOSDAQ,168489964000
203400,에이비온,KOSDAQ,168129033264
147830,제룡산업,KOSDAQ,168000000000
025560,미래산업,KOSPI,167997324000
166480,코아스템켐온,KOSDAQ,167863443800
271980,제일약품,KOSPI,167194394640
140670,알에스오토메이션,KOSDAQ,166532724800
267320,나인테크,KOSDAQ,166504355500
293480,하나제약,KOSPI,166354774560
460850,동국씨엠,KOSPI,165937540800
016880,웅진,KOSPI,165848691000
140610,엔솔바이오사이언스,KONEX,165835531620
004150,한솔홀딩스,KOSPI,165542411700
079960,동양이엔피,KOSDAQ,165453000000
234690,녹십자웰빙,KOSDAQ,165441900900
053080,케이엔솔,KOSDAQ,165227546970
097955,CJ제일제당 우,KOSPI,164999921900
300080,플리토,KOSDAQ,164889455490
083500,에프엔에스테크,KOSDAQ,164653862400
0011A0,액스비스,KOSDAQ,164460498800
086980,쇼박스,KOSDAQ,164424750000
104480,티케이케미칼,KOSDAQ,163975362936
049430,코메론,KOSDAQ,163768800000
000860,강남제비스코,KOSPI,163280000000
049960,쎌바이오텍,KOSDAQ,163184000000
007570,일양약품,KOSPI,162800713920
007330,푸른저축은행,KOSDAQ,162441756000
038390,레드캡투어,KOSDAQ,162359181620
400760,NH올원리츠,KOSPI,161492068500
015230,대창단조,KOSPI,161233102800
396300,세아메카닉스,KOSDAQ,160791265000
095700,제넥신,KOSDAQ,160757943820
179290,엠아이텍,KOSDAQ,160371934490
221800,지구홀딩스,KOSDAQ,160087928310
004090,한국석유,KOSPI,159945912000
066410,버킷스튜디오,KOSDAQ,159637252154
013990,아가방컴퍼니,KOSDAQ,159504549600
040160,누리플렉스,KOSDAQ,159494728050
060150,인선이엔티,KOSDAQ,159472642000
289080,SV인베스트먼트,KOSDAQ,159366317450
046070,코다코,KOSDAQ,159196994920
051980,중앙첨단소재,KOSDAQ,159194418997
017550,수산세보틱스,KOSPI,159117781500
469610,이노테크,KOSDAQ,159094191000
047310,파워로직스,KOSDAQ,158341515375
039560,다산네트웍스,KOSDAQ,158258446920
062970,한국첨단소재,KOSDAQ,158135460780
023910,대한약품,KOSDAQ,158100000000
143240,사람인,KOSDAQ,158093127630
101170,우림피티에스,KOSDAQ,158085000000
046440,KG파이낸셜,KOSDAQ,157744828300
106190,하이텍팜,KOSDAQ,157583623860
125210,아모그린텍,KOSDAQ,157544344500
000520,삼일제약,KOSPI,157482547860
142210,유니트론텍,KOSDAQ,156673092650
018470,조일알미늄,KOSPI,156516807156
293780,압타바이오,KOSDAQ,156480265850
282880,코윈테크,KOSDAQ,156466817160
077500,유니퀘스트,KOSPI,156384738480
071840,롯데하이마트,KOSPI,156283053440
260970,에스앤디,KOSDAQ,156208716000
289930,웨이비스,KOSDAQ,156078748700
011040,경동제약,KOSDAQ,155997643620
002170,SYTS,KOSPI,154800000000
081000,일진다이아,KOSPI,154102278750
000020,동화약품,KOSPI,153902399700
222040,코스맥스엔비티,KOSDAQ,153678600000
213500,한솔제지,KOSPI,153037703680
073010,케이에스피,KOSDAQ,152726750000
264660,씨앤지하이테크,KOSDAQ,152719612120
054800,아이디스홀딩스,KOSDAQ,152629401000
090350,노루페인트,KOSPI,151800000000
003480,한진중공업홀딩스,KOSPI,151783233680
005960,동부건설,KOSPI,150759575910
000970,한국주철관,KOSPI,149799285000
048870,시너지이노베이션,KOSDAQ,149781837100
059120,아진엑스텍,KOSDAQ,149593239220
158430,아톤,KOSDAQ,149585582120
003830,대한화섬,KOSPI,149001600000
006060,화승인더,KOSPI,148810800000
381620,제닉스로보틱스,KOSDAQ,148232496000
105330,케이엔더블유,KOSDAQ,148020364800
220260,켐트로스,KOSDAQ,147691813275
298000,효성화학,KOSPI,147501447900
299030,하나기술,KOSDAQ,147266242200
001540,안국약품,KOSDAQ,147248921800
072870,메가스터디,KOSDAQ,146747005290
067280,멀티캠퍼스,KOSDAQ,146687780250
473980,노머스,KOSDAQ,146204236840
005990,매일홀딩스,KOSDAQ,146148360960
331920,셀레믹스,KOSDAQ,146056607720
101970,우양에이치씨,KOSDAQ,145681588650
021080,에이티넘인베스트,KOSDAQ,145680000000
056090,시지메드텍,KOSDAQ,145595240760
008830,대동기어,KOSDAQ,145418073600
307750,국전,KOSDAQ,144953183280
321370,센서뷰,KOSDAQ,144920061330
002220,한일철강,KOSPI,144700233200
017510,세명전기,KOSDAQ,144532080000
006660,삼성공조,KOSPI,144485862920
217950,파마리서치바이오,KONEX,144321780000
008970,KBI동양철관,KOSPI,144236000730
475230,엔알비,KOSDAQ,143862615600
004970,신라교역,KOSPI,143840000000
002990,금호건설,KOSPI,143450899900
041440,현대에버다임,KOSDAQ,143090530240
452190,한빛레이저,KOSDAQ,143044930860
094280,효성ITX,KOSPI,142859352000
093190,빅솔론,KOSDAQ,142752675100
474610,RF시스템즈,KOSDAQ,142647250560
054920,한컴위드,KOSDAQ,142496259050
009070,KCTC,KOSPI,142200000000
163730,핑거,KOSDAQ,142133242480
263860,지니언스,KOSDAQ,141823352000
108230,톱텍,KOSDAQ,141636587625
357580,아모센스,KOSDAQ,140769758280
204610,티쓰리,KOSDAQ,140746292700
023600,삼보판지,KOSDAQ,140712957000
272550,삼양패키징,KOSPI,140588227980
001520,동양,KOSPI,140107544981
210540,디와이파워,KOSPI,139898440360
297890,HB솔루션,KOSDAQ,139845427568
240550,동방메디컬,KOSDAQ,139838719200
001360,삼성제약,KOSPI,139830687315
317400,자이에스앤디,KOSPI,139810984600
00279K,아모레퍼시픽홀딩스3우C,KOSPI,139787262000
015890,태경산업,KOSPI,139713425000
192410,오늘이엔엠,KOSDAQ,139529935860
019180,티에이치엔,KOSPI,139500000000
205500,넥써쓰,KOSDAQ,139123254830
306620,지아이에스,KOSDAQ,138792622680
086670,비엠티,KOSDAQ,138366836900
005160,동국산업,KOSDAQ,138052206690
217270,넵튠,KOSDAQ,137870146850
334970,프레스티지바이오로직스,KOSDAQ,137777672764
453450,그리드위즈,KOSDAQ,136933010000
396270,넥스트칩,KOSDAQ,136811712960
037350,성도이엔지,KOSDAQ,136585800000
047560,이스트소프트,KOSDAQ,136570812840
032940,원익,KOSDAQ,136449225000
049720,고려신용정보,KOSDAQ,135850000000
297090,씨에스베어링,KOSDAQ,135531900000
000700,유수홀딩스,KOSPI,135417422400
038290,마크로젠,KOSDAQ,135192258000
340450,지씨지놈,KOSDAQ,135046028030
322180,LS티라유텍,KOSDAQ,134946796800
086890,이수앱지스,KOSDAQ,134556331800
331740,아우토크립트,KOSDAQ,134448238890
408920,메쎄이상,KOSDAQ,134020610500
214420,토니모리,KOSPI,133985230430
115310,인포바인,KOSDAQ,133143221100
148150,세경하이테크,KOSDAQ,133107853410
290740,액트로,KOSDAQ,132757495090
109740,디에스케이,KOSDAQ,132665612400
002780,진흥기업,KOSPI,132524759695
082800,비보존 제약,KOSDAQ,132368871880
0004V0,엔비알모션,KOSDAQ,132344832960
214390,경보제약,KOSPI,132204935800
269620,시스웍,KOSDAQ,132090012299
33626K,두산퓨얼셀1우,KOSPI,132038296000
107590,미원홀딩스,KOSPI,131544000000
016740,두올,KOSPI,131470400040
068790,DMS,KOSDAQ,130907299200
323350,다원넥스뷰,KOSDAQ,130735799040
095190,신화프리텍,KOSDAQ,130455663538
950250,테라뷰,KOSDAQ,130350072770
053700,삼보모터스,KOSDAQ,130272092160
011280,태림포장,KOSPI,130212123660
212560,네오오토,KOSDAQ,130170895820
088130,동아엘텍,KOSDAQ,130090736160
007610,선도전기,KOSPI,129960000000
014280,금강공업,KOSPI,129342464370
003100,선광,KOSDAQ,129228000000
089470,HDC현대EP,KOSPI,129195000000
027970,한국제지,KOSPI,129112338880
122450,KX,KOSDAQ,128857022750
078000,텔코웨어,KOSPI,128344669530
004080,신흥,KOSPI,127840000000
382840,원준,KOSDAQ,127670417160
080420,모다이노칩,KOSDAQ,127554595200
008040,사조동아원,KOSPI,127453573800
007540,샘표,KOSPI,127397940000
333430,일승,KOSDAQ,127362366315
020120,키다리스튜디오,KOSPI,127314036210
014710,사조씨푸드,KOSPI,127245032770
136540,윈스테크넷,KOSDAQ,127095371100
012800,대창,KOSPI,126594153111
205100,엑셈,KOSDAQ,126387324324
079430,현대리바트,KOSPI,126317188560
323990,박셀바이오,KOSDAQ,126287383350
009270,신원,KOSPI,126132661907
093640,케이알엠,KOSDAQ,125963844330
002230,피에스텍,KOSDAQ,125886803600
036690,코맥스,KOSDAQ,125692107675
004960,한신공영,KOSPI,125657823720
040300,YTN,KOSDAQ,125628842300
215100,로보로보,KOSDAQ,125346476640
069510,에스텍,KOSDAQ,125137700000
013520,화승코퍼레이션,KOSPI,125128130000
051160,지어소프트,KOSDAQ,125033394400
036630,세종텔레콤,KOSDAQ,125000000000
307930,컴퍼니케이,KOSDAQ,124880000000
078890,가온그룹,KOSDAQ,124736864110
388790,라이콤,KOSDAQ,124446560400
015590,DKME,KOSPI,124413397640
267290,경동도시가스,KOSPI,124393066600
487580,폴레드,KOSDAQ,124025590425
366030,공구우먼,KOSDAQ,123690021000
037070,파세코,KOSDAQ,123200000000
115440,우리넷,KOSDAQ,123054928800
027710,팜스토리,KOSDAQ,123003926400
336680,탑런토탈솔루션,KOSDAQ,122721324330
010100,한국무브넥스,KOSPI,122715192600
089600,KT나스미디어,KOSDAQ,122391164540
005800,신영와코루,KOSPI,122040000000
024090,디씨엠,KOSPI,121980000000
350520,이지스레지던스리츠,KOSPI,121658466600
090850,현대이지웰,KOSDAQ,121605455230
067990,도이치모터스,KOSDAQ,121395248000
123040,엠에스오토텍,KOSDAQ,121060501967
107600,새빗켐,KOSDAQ,120998463300
256940,킵스파마,KOSDAQ,120468882000
365330,에스와이스틸텍,KOSDAQ,120410400000
009580,무림P&P,KOSPI,120246128672
012320,경동인베스트,KOSPI,119906666100
002620,제일파마홀딩스,KOSPI,119800162500
338220,뷰노,KOSDAQ,119715586650
040350,크레오에스지,KOSDAQ,119660861160
070960,모나용평,KOSPI,119611332505
172670,에이엘티,KOSDAQ,119529855060
412350,레이저쎌,KOSDAQ,119379782140
071280,로체시스템즈,KOSDAQ,119313503400
006620,동구바이오제약,KOSDAQ,119268316480
054540,삼영엠텍,KOSDAQ,118950000000
013310,아진산업,KOSDAQ,118360075100
014530,극동유화,KOSPI,118032986700
475580,에이럭스,KOSDAQ,117855385000
235980,메드팩토,KOSDAQ,117563665030
317770,엑스페릭스,KOSDAQ,117121809450
035000,HS애드,KOSPI,117019189680
156100,엘앤케이바이오,KOSDAQ,116449507130
255440,야스,KOSDAQ,116216200000
041590,플래스크,KOSDAQ,116064014460
086960,MDS테크,KOSDAQ,116042434600
417500,제이아이테크,KOSDAQ,115566222600
234030,싸이닉솔루션,KOSDAQ,115546475000
002450,삼익악기,KOSPI,115426916625
014580,태경비케이,KOSPI,115159442500
016710,대성홀딩스,KOSPI,115039631850
053260,금강철강,KOSDAQ,114940800000
063570,NICE인프라,KOSDAQ,114907104720
129920,대성하이텍,KOSDAQ,114715793760
025620,차AI헬스케어,KOSPI,114685029900
339950,아이비김영,KOSDAQ,114389236975
047770,코데즈컴바인,KOSDAQ,114284658040
021820,세원정공,KOSPI,114200000000
214680,디알텍,KOSDAQ,113946181440
034590,인천도시가스,KOSPI,113743604000
223250,드림씨아이에스,KOSDAQ,113654051280
250060,모비스,KOSDAQ,113403881850
389030,지니너스,KOSDAQ,113361001875
049520,유아이엘,KOSDAQ,113192433750
052260,현대바이오랜드,KOSDAQ,113100000000
309960,LB인베스트먼트,KOSDAQ,112951867735
396470,워트,KOSDAQ,112840000000
054050,NH농우바이오,KOSDAQ,112694843830
141000,비아트론,KOSDAQ,112666803000
493330,지에프아이,KOSDAQ,112620260360
018120,진로발효,KOSDAQ,112559040000
067900,와이엔텍,KOSDAQ,112473892620
263720,디앤씨미디어,KOSDAQ,112333948550
083420,그린케미칼,KOSPI,112320000000
041520,이엘씨,KOSDAQ,112136316000
227840,현대코퍼레이션홀딩스,KOSPI,112122299520
052900,KX하이텍,KOSDAQ,112003745984
310200,애니플러스,KOSDAQ,111889283220
039980,폴라리스AI,KOSDAQ,111885844920
212710,아이에스티이,KOSDAQ,111819004360
049950,미래컴퍼니,KOSDAQ,111810769120
120030,조선선재,KOSPI,111805173900
189330,씨이랩,KOSDAQ,111649179600
217820,원익피앤이,KOSDAQ,111518213650
005860,한일사료,KOSDAQ,111512428550
002390,한독,KOSPI,111346981970
042510,라온시큐어,KOSDAQ,110947221720
004250,NPC,KOSPI,110894400000
123690,한국화장품,KOSPI,110869200000
085670,뉴프렉스,KOSDAQ,110620935915
456070,이엔셀,KOSDAQ,110176882830
025950,동신건설,KOSDAQ,109704000000
011810,STX,KOSPI,109493282310
065450,빅텍,KOSDAQ,109281950115
322510,제이엘케이,KOSDAQ,108949152620
052860,아이앤씨,KOSDAQ,108784780860
225190,LK삼양,KOSDAQ,108591866040
131030,옵투스제약,KOSDAQ,108350062600
009780,엠에스씨,KOSDAQ,108240000000
021320,KCC건설,KOSDAQ,108070000000
001290,상상인증권,KOSPI,107795434400
059270,해성에어로보틱스,KOSDAQ,107745135350
267850,아시아나IDT,KOSPI,107670000000
045970,코아시아,KOSDAQ,107496268460
038540,상상인,KOSDAQ,107336927220
282720,금양그린파워,KOSDAQ,107136380000
229500,노브메타파마,KONEX,106713313740
360070,탑머티리얼,KOSDAQ,106608319860
228850,레이언스,KOSDAQ,106514309880
950190,고스트스튜디오,KOSDAQ,106479542620
330730,스톤브릿지벤처스,KOSDAQ,106392127200
014790,HL D&I,KOSPI,106004082800
109610,에스와이,KOSDAQ,105884521000
073560,우리손에프앤지,KOSDAQ,105795118504
0007J0,인벤테라,KOSDAQ,105793853300
248170,샘표식품,KOSPI,105755820900
288180,케이피항공산업,KOSDAQ,105501848740
038110,에코플라스틱,KOSDAQ,104981893500
044990,에이치엔에스하이텍,KOSDAQ,104906051250
489460,바이오비쥬,KOSDAQ,104859677100
011000,진원생명과학,KOSPI,104606225957
096250,와이즈넛,KOSDAQ,104580645120
029480,광무,KOSDAQ,104508481000
413630,씨피시스템,KOSDAQ,104390933490
007210,벽산,KOSPI,104249200000
377480,마음AI,KOSDAQ,104023323250
002460,HS화성,KOSPI,103530000000
066310,큐에스아이,KOSDAQ,103471290360
066430,아이로보틱스,KOSDAQ,103365176640
389140,포바이포,KOSDAQ,103312881400
182360,큐브엔터,KOSDAQ,103250997360
066980,한성크린텍,KOSDAQ,103195093375
039340,한국경제TV,KOSDAQ,103180000000
092040,아미코젠,KOSDAQ,102874243472
417970,모델솔루션,KOSDAQ,102731002000
104460,디와이피엔에프,KOSDAQ,102551484750
084670,동양고속,KOSPI,102358364150
000440,중앙에너비스,KOSDAQ,102124932000
013570,디와이,KOSPI,101856979710
090470,제이스로보틱스,KOSDAQ,101713777080
058850,KTcs,KOSPI,101440902500
023900,풍국주정,KOSDAQ,101430000000
136150,원일티엔아이,KOSDAQ,101242842400
357230,에이치피오,KOSDAQ,101169016200
139990,아주스틸,KOSPI,101151630540
049080,기가레인,KOSDAQ,101011182930
035080,그래디언트,KOSDAQ,100938237720
443670,에스피소프트,KOSDAQ,100821172400
119650,KC코트렐,KOSPI,100782913662
011700,한신기계,KOSPI,100745298855
217330,싸이토젠,KOSDAQ,100729177185
226400,오스테오닉,KOSDAQ,100621996870
076610,해성옵틱스,KOSDAQ,100529651680
059210,메타바이오메드,KOSDAQ,100398489275
067830,세이브존I&C,KOSPI,100344988275
265740,엔에프씨,KOSDAQ,100214796000
004100,태양금속,KOSPI,100191000000
063080,컴투스홀딩스,KOSDAQ,100115014560
264900,크라운제과,KOSPI,100065561500
023450,동남합성,KOSPI,99750000000
173130,오파스넷,KOSDAQ,99675053720
032300,한국파마,KOSDAQ,99578180130
246720,아스타,KOSDAQ,99434491000
0015S0,페스카로,KOSDAQ,99061969200
042500,링네트,KOSDAQ,98972679360
120240,대정화금,KOSDAQ,98867876250
950130,엑세스바이오,KOSDAQ,98662604370
100700,세운메디칼,KOSDAQ,98550000000
290720,푸드나무,KOSDAQ,98341997600
096240,크레버스,KOSDAQ,98254347000
131370,알서포트,KOSDAQ,98064699803
100590,머큐리,KOSDAQ,98038197400
348350,위드텍,KOSDAQ,97989852000
086710,선진뷰티사이언스,KOSDAQ,97870305600
047820,초록뱀미디어,KOSDAQ,97815720000
246710,티앤알바이오팹,KOSDAQ,97473910680
009190,대양금속,KOSPI,97429599125
066790,씨씨에스,KOSDAQ,97271994227
464490,쿼드메디슨,KOSDAQ,97253497110
408470,한패스,KOSDAQ,97156680000
023800,인지컨트롤스,KOSPI,96910377610
024880,케이피에프,KOSDAQ,96882032970
078935,GS우,KOSPI,96814374400
352090,스톰테크,KOSDAQ,96742792800
068240,다원시스,KOSDAQ,96553495610
078140,대봉엘에스,KOSDAQ,96453237300
004140,동방,KOSPI,96423249660
036420,콘텐트리중앙,KOSPI,96311540000
036220,오상헬스케어,KOSDAQ,96302369680
099750,이지케어텍,KOSDAQ,96297169650
321260,프로이천,KOSDAQ,96275966860
149980,하이로닉,KOSDAQ,96222408020
101330,모베이스,KOSDAQ,96175905495
033340,좋은사람들,KOSDAQ,95981052420
014160,대영포장,KOSPI,95820781316
311320,지오엘리먼트,KOSDAQ,95744510400
451220,아이엠티,KOSDAQ,95676523650
036580,팜스코,KOSPI,95676291515
019680,대교,KOSPI,95629517650
074430,아미노로직스,KOSDAQ,95292125740
063170,서울옥션,KOSDAQ,95092328450
033290,로젠,KOSDAQ,94679523486
032560,황금에스티,KOSPI,94520000000
225530,HC보광산업,KOSDAQ,94298996565
411080,샌즈랩,KOSDAQ,94201326460
002210,동성제약,KOSPI,94010780311
055490,테이팩스,KOSPI,94009801500
052420,오성첨단소재,KOSDAQ,93523286400
363280,티와이홀딩스,KOSPI,93497019315
072950,빛샘전자,KOSDAQ,93410276000
001275,부국증권우,KOSPI,93300000000
117670,알파칩스,KOSDAQ,93264388000
035610,솔본,KOSDAQ,92976389800
008700,아남전자,KOSPI,92858283280
006840,AK홀딩스,KOSPI,92467975780
476040,오가노이드사이언스,KOSDAQ,92332355200
094840,슈프리마에이치큐,KOSDAQ,91883241330
262260,에이프로,KOSDAQ,91822949400
067000,조이시티,KOSDAQ,91433707368
066700,테라젠이텍스,KOSDAQ,91394844960
37550L,DL이앤씨2우(전환),KOSPI,91341880750
142280,녹십자엠에스,KOSDAQ,91316089200
053580,웹케시,KOSDAQ,91199229440
100130,동국S&C,KOSDAQ,91143085000
040910,아이씨디,KOSDAQ,91053117750
251120,바이오에프디엔씨,KOSDAQ,90696151000
058860,KTis,KOSPI,90659210000
131400,이브이첨단소재,KOSDAQ,90639252522
298540,더네이쳐홀딩스,KOSDAQ,90539912500
303810,동국생명과학,KOSDAQ,90355195500
163560,동일고무벨트,KOSPI,90350000000
088390,이녹스,KOSDAQ,90291819280
079810,APS이노베이션,KOSDAQ,90202713860
039010,현대에이치티,KOSDAQ,90131250000
023000,삼원강재,KOSPI,89414901000
382480,지아이텍,KOSDAQ,89340707800
330350,위더스제약,KOSDAQ,89246459640
063160,종근당바이오,KOSPI,89201742120
101670,하이드로리튬,KOSDAQ,89196960777
203690,아크솔루션스,KOSDAQ,89196141000
004890,동일산업,KOSPI,89126651250
460940,피앤에스로보틱스,KOSDAQ,88804848000
040420,정상제이엘에스,KOSDAQ,88578168800
041930,SY동아,KOSDAQ,88464000000
014440,영보화학,KOSPI,88400000000
011370,서한,KOSDAQ,88383901740
337930,젝시믹스,KOSDAQ,88287513125
072020,중앙백신,KOSDAQ,88154962840
457370,한켐,KOSDAQ,88119124620
294630,서남,KOSDAQ,88063505460
475430,키스트론,KOSDAQ,87812701200
008260,NI스틸,KOSPI,87802359190
253840,수젠텍,KOSDAQ,87734368000
418470,KT밀리의서재,KOSDAQ,87542363580
424960,스마트레이더시스템,KOSDAQ,87371083000
347890,엠엑스온,KOSDAQ,87190868560
000230,일동홀딩스,KOSPI,87130020000
002700,신일전자,KOSPI,86999021082
302550,리메드,KOSDAQ,86849091500
007110,일신석재,KOSPI,86751403200
432470,케이엔에스,KOSDAQ,86575257720
043610,KT지니뮤직,KOSDAQ,86359540868
208370,셀바스헬스케어,KOSDAQ,86230889400
019550,SBI인베스트먼트,KOSDAQ,86219417368
109070,주성코퍼레이션,KOSPI,86186295360
010660,화천기계,KOSPI,86130000000
058630,엠게임,KOSDAQ,86123544390
093920,서원인텍,KOSDAQ,86025000000
370090,퓨런티어,KOSDAQ,85996141500
009300,삼아제약,KOSDAQ,85995000000
066590,스모트로닉,KOSDAQ,85865020140
002200,한국수출포장,KOSPI,85759848960
302430,이노메트리,KOSDAQ,85548909600
010280,아이티센엔텍,KOSDAQ,85442405920
005740,크라운해태홀딩스,KOSPI,85372245250
011320,유니크,KOSDAQ,85300868425
205470,휴마시스,KOSDAQ,85252128455
003310,대주산업,KOSDAQ,85118601750
001020,페이퍼코리아,KOSPI,85076022180
419050,삼기에너지솔루션즈,KOSDAQ,84936416400
130580,나이스디앤비,KOSDAQ,84854000000
004590,한국가구,KOSDAQ,84750000000
005870,휴니드,KOSPI,84696090000
004650,창해에탄올,KOSDAQ,84648050850
000590,CS홀딩스,KOSPI,84623530600
317830,에스피시스템스,KOSDAQ,84574471300
024830,세원물산,KOSDAQ,84418500000
037760,쎄니트,KOSDAQ,84074808685
048530,인트론바이오,KOSDAQ,84025581760
950220,네오이뮨텍,KOSDAQ,83987339400
054670,대한뉴팜,KOSDAQ,83976282000
049180,셀루메드,KOSDAQ,83975227728
002600,조흥,KOSPI,83880000000
362320,청담글로벌,KOSDAQ,83864864850
183490,엔지켐생명과학,KOSDAQ,83793832650
004840,DRB동일,KOSPI,83449336120
007980,TP,KOSPI,83430385650
089230,THE E&M,KOSDAQ,83262512650
000105,유한양행우,KOSPI,82901988000
273640,와이엠텍,KOSDAQ,82683640000
060590,씨티씨바이오,KOSDAQ,82578183300
003580,HLB글로벌,KOSPI,82429522635
091120,이엠텍,KOSDAQ,82152428120
006890,태경케미컬,KOSPI,82128000000
096775,SK이노베이션우,KOSPI,82021588200
030960,양지사,KOSDAQ,81977400000
299660,셀리드,KOSDAQ,81870761175
017370,우신시스템,KOSPI,81863821380
277880,티에스아이,KOSDAQ,81654817380
048770,TPC로보틱스,KOSDAQ,81629553200
007820,엠엑스로보틱스,KOSDAQ,81538160220
35320K,대덕전자1우,KOSPI,81515689100
175250,아이큐어,KOSDAQ,81501658560
388870,파로스아이바이오,KOSDAQ,81429912280
123010,알엔티엑스,KOSDAQ,81365886140
054620,APS,KOSDAQ,81302456820
170030,현대공업,KOSDAQ,81148600000
019540,일지테크,KOSDAQ,81081000000
234300,에스트래픽,KOSDAQ,81079184400
412540,제일엠앤에스,KOSDAQ,81063616775
007460,에이프로젠,KOSPI,80945593220
007590,동방아그로,KOSPI,80888407380
448710,코츠테크놀로지,KOSDAQ,80864967600
307870,비투엔,KOSDAQ,80837622080
413390,엠오티,KOSDAQ,80829656400
060310,3S,KOSDAQ,80649740800
265560,영화테크,KOSDAQ,80497055400
110790,크리스에프앤씨,KOSDAQ,80485347600
067370,선바이오,KOSDAQ,80355527450
102370,케이옥션,KOSDAQ,80326169500
024740,한일단조,KOSDAQ,80268799560
095720,웅진씽크빅,KOSPI,80183016935
263800,데이타솔루션,KOSDAQ,80153377200
084730,팅크웨어,KOSDAQ,80098947040
056360,코위버,KOSDAQ,80039856000
006140,피제이전자,KOSDAQ,79825050000
017650,대림제지,KOSDAQ,79767800000
238090,앤디포스,KOSDAQ,79732500600
054040,한국컴퓨터,KOSDAQ,79713598400
001470,삼부토건,KOSPI,79699592928
222160,NPX,KOSDAQ,79551289560
463020,뉴엔AI,KOSDAQ,79468840000
031820,아이티센씨티에스,KOSPI,79409757760
111380,동인기연,KOSPI,79296320000
014970,삼륭물산,KOSDAQ,79165500000
347860,알체라,KOSDAQ,78884820230
048550,SM C&C,KOSDAQ,78822415300
228670,레이,KOSDAQ,78669305630
081180,쎄크,KOSDAQ,78282495450
147760,피엠티,KOSDAQ,78119432520
065510,휴비츠,KOSDAQ,78103868400
026150,특수건설,KOSDAQ,78081172950
038680,에스넷,KOSDAQ,78057556640
261780,아리바이오랩,KOSDAQ,78047688400
092300,현우산업,KOSDAQ,77948919455
201490,미투온,KOSDAQ,77736236850
067290,JW신약,KOSDAQ,77555350552
036640,HRS,KOSDAQ,77521752000
020710,시공테크,KOSDAQ,77485404050
058400,KNN,KOSDAQ,77471386200
067570,엔브이에이치코리아,KOSDAQ,77381950000
094940,푸른로보틱스,KOSDAQ,77342820500
452200,민테크,KOSDAQ,77302632000
459100,위츠,KOSDAQ,77160753000
001260,남광토건,KOSPI,77087364480
044340,위닉스,KOSDAQ,77034461750
128660,피제이메탈,KOSDAQ,77014460745
038460,바이오스마트,KOSDAQ,76960980390
014470,부방,KOSDAQ,76926945060
025550,한국선재,KOSDAQ,76797152040
439580,블루엠텍,KOSDAQ,76662428955
082850,우리바이오,KOSDAQ,76609849818
009180,한솔로지스틱스,KOSPI,76583844000
175140,휴먼테크놀로지,KOSDAQ,76578856710
041910,폴라리스AI파마,KOSDAQ,76512096000
171120,라이온켐텍,KOSDAQ,76470748800
263600,덕우전자,KOSDAQ,76465488000
000180,성창기업지주,KOSPI,76447753600
085310,엔케이,KOSPI,76406162200
348150,고바이오랩,KOSDAQ,76316233770
900260,로스웰,KOSDAQ,76271222842
002720,국제약품,KOSPI,76175395200
0015N0,아로마티카,KOSDAQ,76163149500
096350,대창솔루션,KOSDAQ,76105083530
315640,딥노이드,KOSDAQ,76074080880
049480,오픈베이스,KOSDAQ,75885054945
067170,오텍,KOSDAQ,75859363680
017480,삼현철강,KOSDAQ,75844958700
124560,태웅로직스,KOSDAQ,75815347938
012700,리드코프,KOSDAQ,75703122280
340360,다보링크,KOSDAQ,75647207716
010960,삼호개발,KOSPI,75495600000
251630,브이원텍,KOSDAQ,75090993060
217190,제너셈,KOSDAQ,74844900090
011150,CJ씨푸드,KOSPI,74736007840
079980,휴비스,KOSPI,74692500000
032850,비트컴퓨터,KOSDAQ,74555469105
013870,지엠비코리아,KOSPI,74477253400
900250,크리스탈신소재,KOSDAQ,74351942076
168330,내츄럴엔도텍,KOSDAQ,74306466000
006090,사조오양,KOSPI,74156955930
081150,티플랙스,KOSDAQ,74018626100
241690,유니테크노,KOSDAQ,73901532120
048430,유라테크,KOSDAQ,73728000000
045660,에이텍,KOSDAQ,73679200000
391710,코닉오토메이션,KOSDAQ,73562931220
191420,테고사이언스,KOSDAQ,73466036040
013700,까뮤이앤씨,KOSPI,73374019240
002800,신신제약,KOSDAQ,73273515000
208140,정다운,KOSDAQ,73212711040
005750,대림바스,KOSPI,73171778400
094860,네오리진,KOSDAQ,73079379264
478560,블랙야크아이앤씨,KOSDAQ,72970591850
065530,와이어블,KOSDAQ,72906268716
222420,쎄노텍,KOSDAQ,72724621546
069730,DSR제강,KOSPI,72576000000
039610,화성밸브,KOSDAQ,72560488000
001560,제일연마,KOSPI,72428000000
373200,엑스플러스,KOSDAQ,72374954930
140070,서플러스글로벌,KOSDAQ,72311540000
137950,제이씨케미칼,KOSDAQ,72147717360
053280,예스24,KOSDAQ,72125000000
105740,디케이락,KOSDAQ,72094757170
000850,화천기공,KOSPI,72050000000
036000,예림당,KOSDAQ,71866944240
234920,자이글,KOSDAQ,71849132100
443250,레뷰코퍼레이션,KOSDAQ,71838552000
126640,화신정공,KOSDAQ,71689335950
204840,지엘팜텍,KOSDAQ,71655281544
004720,팜젠사이언스,KOSPI,71587793400
126880,제이엔케이글로벌,KOSDAQ,71587125755
033230,인성정보,KOSDAQ,71529778080
091440,한울소재과학,KOSDAQ,71436290200
222110,팬젠,KOSDAQ,71221462430
033130,디지틀조선,KOSDAQ,70890159970
185490,아이진,KOSDAQ,70767156408
120115,코오롱인더우,KOSPI,70442037000
463480,모티브링크,KOSDAQ,70377233440
064800,포니링크,KOSDAQ,70166204955
451250,삐아,KOSDAQ,70047257450
187420,HLB제넥스,KOSDAQ,69991714900
007815,코리아써우,KOSPI,69966684000
453860,에이에스텍,KOSDAQ,69857545320
013360,일성건설,KOSPI,69854169840
155650,와이엠씨,KOSDAQ,69825637440
043710,코스리거글로벌,KOSDAQ,69769383060
290660,다이나믹솔루션,KOSDAQ,69737151956
016090,대현,KOSPI,69611791320
073640,테라사이언스,KOSDAQ,69571715580
100220,비상교육,KOSPI,69532564350
109080,옵티시스,KOSDAQ,69435520000
215360,우리산업,KOSDAQ,69404438800
347000,센코,KOSDAQ,69345091564
192250,케이사인,KOSDAQ,69328496250
332370,아이디피,KOSDAQ,69156112460
196490,디에이테크놀로지,KOSDAQ,69131518050
083790,CG인바이츠,KOSDAQ,69127869618
216050,인크로스,KOSDAQ,69044200520
123420,위메이드플레이,KOSDAQ,69012264360
037440,희림,KOSDAQ,68985863625
111710,남화산업,KOSDAQ,68866860000
032540,TJ미디어,KOSDAQ,68856975835
061250,화일약품,KOSDAQ,68603309600
299170,더블유에스아이,KOSDAQ,68576647776
033320,제이씨현시스템,KOSDAQ,68525238720
338100,NH프라임리츠,KOSPI,68388900000
217500,러셀,KOSDAQ,68236740000
046210,HLB파나진,KOSDAQ,68155356120
145170,노브랜드,KOSDAQ,67887246075
153710,옵티팜,KOSDAQ,67848555750
198080,캐프,KOSDAQ,67835832750
071090,하이스틸,KOSPI,67742385205
003925,남양유업우,KOSPI,67700000000
417790,트루엔,KOSDAQ,67625805860
320000,한울반도체,KOSDAQ,67421669100
053450,세코닉스,KOSDAQ,67381217665
010770,평화홀딩스,KOSPI,67277143600
080010,이상네트웍스,KOSDAQ,67271885640
065440,이루온,KOSDAQ,67232924300
095270,웨이브일렉트로,KOSDAQ,67190998050
101140,인바이오젠,KOSPI,67095362880
009770,삼정펄프,KOSPI,66999222800
382150,온코크로스,KOSDAQ,66955803930
018500,동원금속,KOSPI,66719289391
014910,성문전자,KOSPI,66664633850
084650,랩지노믹스,KOSDAQ,66444791050
019990,에너토크,KOSDAQ,66438959280
039020,이건홀딩스,KOSDAQ,66286120915
162300,신스틸,KOSDAQ,66271268436
288620,에스프리즘,KOSDAQ,66163915680
109860,동일금속,KOSDAQ,66157000000
352910,오비고,KOSDAQ,66095704460
311690,CJ 바이오사이언스,KOSDAQ,65849928480
048910,대원미디어,KOSDAQ,65536308660
003010,혜인,KOSPI,65470647050
045340,토탈소프트,KOSDAQ,65383425600
060570,드림어스컴퍼니,KOSDAQ,65357587386
007280,한국특강,KOSPI,65222274975
155660,DSR,KOSPI,65120000000
000220,유유제약,KOSPI,65063580820
088280,쏘닉스,KOSDAQ,64985869950
099220,SDN,KOSDAQ,64879405650
461030,아이엠비디엑스,KOSDAQ,64792016840
071670,에이테크솔루션,KOSDAQ,64700000000
246690,TS인베스트먼트,KOSDAQ,64644329200
006880,신송홀딩스,KOSPI,64467276100
331380,포커스에이아이,KOSDAQ,64369217154
215790,이노인스트루먼트,KOSDAQ,64090490059
446840,지슨,KOSDAQ,64061625529
027830,대성창투,KOSDAQ,64044000000
004440,삼일씨엔에스,KOSPI,63914373940
041460,한국전자인증,KOSDAQ,63840000000
061040,알에프텍,KOSDAQ,63699489920
333620,엔시스,KOSDAQ,63677898900
246960,SCL사이언스,KOSDAQ,63645894937
089850,유비벨록스,KOSDAQ,63560808685
012790,신일제약,KOSDAQ,63527999500
104620,노랑풍선,KOSDAQ,63459833800
321820,아티스트컴퍼니,KOSDAQ,63456900320
002795,아모레퍼시픽홀딩스우,KOSPI,63428849680
016250,SGC E&C,KOSDAQ,63415653740
092780,DYP,KOSPI,63406134900
043650,국순당,KOSDAQ,63307687680
009200,무림페이퍼,KOSPI,63246151200
046940,우원개발,KOSDAQ,63079481500
010470,오리콤,KOSDAQ,62988763000
134580,탑코미디어,KOSDAQ,62850039975
024910,경창산업,KOSDAQ,62683258750
460870,에스엠씨지,KOSDAQ,62628708480
001840,이화공영,KOSDAQ,62588831935
094850,참좋은여행,KOSDAQ,62510000000
005670,푸드웰,KOSDAQ,62500000000
214260,라파스,KOSDAQ,62457241000
053050,지에스이,KOSDAQ,62374201760
294090,이오플로우,KOSDAQ,62295566450
100030,인지소프트,KOSDAQ,62259217440
317530,에피소드컴퍼니,KOSDAQ,62106831100
039240,경남스틸,KOSDAQ,62053089200
241790,티이엠씨씨엔에스,KOSDAQ,62016330800
010040,한국내화,KOSPI,62011263620
039420,케이엘넷,KOSDAQ,61956883800
317690,퀀타매트릭스,KOSDAQ,61814539030
067920,이글루,KOSDAQ,61578266400
065130,탑엔지니어링,KOSDAQ,61535380000
291650,압타머사이언스,KOSDAQ,61283398968
180060,탑선,KONEX,61227212300
163280,에어레인,KOSDAQ,61213851000
049550,잉크테크,KOSDAQ,61171584240
378850,화승알앤에이,KOSPI,61159466060
033310,엠투엔,KOSDAQ,61157857680
012690,모나리자,KOSPI,61000853340
068290,삼성출판사,KOSPI,61000000000
003780,진양산업,KOSPI,60970000000
452400,이닉스,KOSDAQ,60959996160
010240,흥국,KOSDAQ,60871200000
229000,젠큐릭스,KOSDAQ,60678947350
054930,유신,KOSDAQ,60600000000
004540,깨끗한나라,KOSPI,60590607511
042110,에스씨디,KOSDAQ,60508614128
317850,대모,KOSDAQ,60435289200
424980,마이크로투나노,KOSDAQ,60313489100
014950,삼익제약,KOSDAQ,60245679760
214270,FSN,KOSDAQ,60188598050
004780,대륙제관,KOSDAQ,60114092220
111110,호전실업,KOSPI,60107580000
072130,유엔젤,KOSPI,59922542880
278650,HLB바이오스텝,KOSDAQ,59880280260
053620,태양,KOSDAQ,59770000000
008370,원풍,KOSDAQ,59580000000
136410,아셈스,KOSDAQ,59503172400
000725,현대건설우,KOSPI,59379215900
250030,진코스텍,KONEX,59284626500
009835,한화솔루션우,KOSPI,59104259550
198440,강동씨앤엘,KOSDAQ,59043007224
347740,피엔케이피부임상연구센타,KOSDAQ,58910760688
296160,프로젠,KONEX,58886552570
072470,우리산업홀딩스,KOSDAQ,58834067215
064240,홈캐스트,KOSDAQ,58772061194
129260,인터지스,KOSPI,58722303276
199550,레이저옵텍,KOSDAQ,58640874450
290670,대보마그네틱,KOSDAQ,58618143600
004060,SG세계물산,KOSPI,58602025920
360350,코셈,KOSDAQ,58527294000
027050,코리아나,KOSDAQ,58320000000
021050,서원,KOSPI,58298796520
036670,삼양케이씨아이,KOSDAQ,58153200000
099520,DGI,KOSDAQ,58141862016
092440,기신정기,KOSPI,58108000000
024900,디와이덕양,KOSPI,58095924320
001465,BYC우,KOSPI,58046257500
095910,에스에너지,KOSDAQ,58033990404
219550,디와이디,KOSDAQ,57971210744
348080,큐라티스,KOSDAQ,57955790062
004830,덕성,KOSPI,57859200000
480370,씨케이솔루션,KOSPI,57589536384
245620,EDGC,KOSDAQ,57474989665
054300,팬스타엔터프라이즈,KOSDAQ,57292235550
177900,쓰리에이로직스,KOSDAQ,57284220000
002630,오리엔트바이오,KOSPI,57275591415
0013V0,삼진식품,KOSDAQ,57131458560
036120,서울평가정보,KOSDAQ,57040335000
007370,진양제약,KOSDAQ,56962385610
159580,제로투세븐,KOSDAQ,56792523060
033560,블루콤,KOSDAQ,56686500000
263690,디알젬,KOSDAQ,56628050000
001550,조비,KOSPI,56595405100
444530,심플랫폼,KOSDAQ,56419880760
060560,HC홈센타,KOSDAQ,56361362220
104540,코렌텍,KOSDAQ,56257256000
097800,윈팩,KOSDAQ,56217492700
184230,SGA솔루션즈,KOSDAQ,56097297630
260930,씨티케이,KOSDAQ,56090613900
479960,위너스일렉,KOSDAQ,55972670000
002760,보락,KOSPI,55766900000
219420,링크제니시스,KOSDAQ,55741804020
005305,롯데칠성우,KOSPI,55667258000
214330,금호에이치티,KOSPI,55630864940
122310,제노레이,KOSDAQ,55595684080
340930,유일에너테크,KOSDAQ,55513882710
015710,코콤,KOSDAQ,55484032500
004770,써니전자,KOSPI,55427110718
305090,마이크로디지탈,KOSDAQ,55413263900
088910,동우팜투테이블,KOSDAQ,55409133780
036090,위지트,KOSDAQ,55249733000
372910,한컴라이프케어,KOSPI,55238114376
072990,에이치시티,KOSDAQ,55165673830
004450,삼화왕관,KOSPI,55152102400
417860,오브젠,KOSDAQ,55094707380
456570,아이엠지티,KONEX,55017201800
006980,우성,KOSPI,54971100000
104040,디에스엠,KOSDAQ,54967808250
435570,에르코스,KOSDAQ,54842277600
170790,파이오링크,KOSDAQ,54825160950
011230,삼화전자,KOSPI,54814145100
217480,에스디생명공학,KOSDAQ,54756837359
023810,인팩,KOSPI,54700000000
053270,구영테크,KOSDAQ,54656347570
127980,화인써키트,KOSDAQ,54644756660
082210,옵트론텍,KOSDAQ,54577758130
207760,미스터블루,KOSDAQ,54251098299
950200,소마젠,KOSDAQ,54245669460
003465,유화증권우,KOSPI,54176917500
050960,수산아이앤티,KOSDAQ,54143020000
294140,레몬,KOSDAQ,54131785470
040610,SG&G,KOSDAQ,54113423650
052220,iMBC,KOSDAQ,53935000000
099410,동방선기,KOSDAQ,53900000000
232830,아이티센피엔에스,KOSDAQ,53899946760
471820,셀로맥스사이언스,KOSDAQ,53801704040
408900,스튜디오미르,KOSDAQ,53649297702
413640,비아이매트릭스,KOSDAQ,53475494800
396690,미래에셋글로벌리츠,KOSPI,53468019000
038010,제일테크노스,KOSDAQ,53460000000
003475,유안타증권우,KOSPI,53456557680
001620,케이비아이동국실업,KOSPI,53420654400
189860,서전기전,KOSDAQ,53246302200
004920,씨아이테크,KOSPI,53223469440
002410,범양건영,KOSPI,53173451700
068330,일신바이오,KOSDAQ,53147800280
256630,포인트엔지니어링,KOSDAQ,53125316120
196450,코아시아씨엠,KOSDAQ,53069230522
123700,SJM,KOSPI,53056653200
460470,아이빔테크놀로지,KOSDAQ,52917795000
378800,샤페론,KOSDAQ,52855784433
073110,엘엠에스,KOSDAQ,52662869600
033170,시그네틱스,KOSDAQ,52637187866
063440,SM Life Design,KOSDAQ,52615781604
355390,크라우드웍스,KOSDAQ,52464706920
007680,대원,KOSDAQ,52441248600
261520,이지스,KOSDAQ,52416780000
053350,이니텍,KOSDAQ,52410134700
000910,유니온,KOSPI,52376981745
070300,엑스큐어,KOSDAQ,52373493545
075180,새론오토모티브,KOSPI,52224000000
011390,부산산업,KOSPI,52166400000
393210,토마토시스템,KOSDAQ,52074504240
002140,고려산업,KOSPI,51874004000
299900,위지윅스튜디오,KOSDAQ,51827811852
006370,대구백화점,KOSPI,51781408635
189690,포시에스,KOSDAQ,51720487317
432430,와이랩,KOSDAQ,51671041600
419080,엔젯,KOSDAQ,51609211710
143540,영우디에스피,KOSDAQ,51557478620
227950,엔투텍,KOSDAQ,51555264246
096610,알에프세미,KOSDAQ,51550708615
065500,오리엔트정공,KOSDAQ,51526513600
303360,프로티아,KOSDAQ,51518860000
038060,루멘스,KOSDAQ,51470283830
273060,와이즈버즈,KOSDAQ,51468773640
047400,유니온머티리얼,KOSPI,51408000000
038070,서린바이오,KOSDAQ,51339731520
089790,제이티,KOSDAQ,51268099610
466410,사이냅소프트,KOSDAQ,51226523910
042940,상지건설,KOSDAQ,51215340000
277070,린드먼아시아,KOSDAQ,51139620000
114450,그린생명과학,KOSDAQ,51100000000
025530,SJM홀딩스,KOSPI,50999637320
020760,일진디스플,KOSPI,50984432422
318160,셀바이오휴먼텍,KOSDAQ,50889445850
037230,한국팩키지,KOSDAQ,50660555900
317870,엔바이오니아,KOSDAQ,50575639400
137080,나래나노텍,KOSDAQ,50541558540
393970,대진첨단소재,KOSDAQ,50428566500
053980,오상자이엘,KOSDAQ,50399288865
384470,코어라인소프트,KOSDAQ,50340471060
37550K,DL이앤씨우,KOSPI,50310463000
373160,데이원컴퍼니,KOSDAQ,50259187160
058730,다스코,KOSPI,50169775815
041650,상신브레이크,KOSPI,50028478500
238120,얼라인드,KOSDAQ,49894769120
219750,한국비티비,KOSDAQ,49789859485
065170,비엘팜텍,KOSDAQ,49686551540
465480,인스피언,KOSDAQ,49675082800
361570,알비더블유,KOSDAQ,49582176975
234100,폴라리스세원,KOSDAQ,49572554220
458350,에스팀,KOSDAQ,49407408000
451700,엔에이치스팩29호,KOSDAQ,49364000000
023350,한국종합기술,KOSPI,49275000000
226330,신테카바이오,KOSDAQ,49244704250
016600,큐캐피탈,KOSDAQ,49196199600
014190,원익큐브,KOSDAQ,49163753619
351330,이삭엔지니어링,KOSDAQ,48985153200
037330,인지디스플레,KOSDAQ,48888139536
105760,포스뱅크,KOSDAQ,48647909860
094970,제이엠티,KOSDAQ,48569896000
440290,HB인베스트먼트,KOSDAQ,48466329660
104200,NHN벅스,KOSDAQ,48411950750
017180,명문제약,KOSPI,48281811588
105550,엣지파운드리,KOSDAQ,48158836365
179530,애드바이오텍,KOSDAQ,48116695350
060850,영림원소프트랩,KOSDAQ,48054210000
376930,노을,KOSDAQ,47957387005
189980,흥국에프엔비,KOSDAQ,47924565438
082660,코스나인,KOSDAQ,47827617120
090080,평화산업,KOSPI,47819867589
418250,시큐레터,KOSDAQ,47629012750
369370,블리츠웨이엔터테인먼트,KOSDAQ,47478059272
171010,램테크놀러지,KOSDAQ,47471856640
173940,에프엔씨엔터,KOSDAQ,47409848640
006125,SK디스커버리우,KOSPI,47359057250
052790,액토즈소프트,KOSDAQ,47194043040
150900,파수AI,KOSDAQ,47166805660
452160,제이엔비,KOSDAQ,47077794665
049470,비트플래닛,KOSDAQ,46972073505
314140,알피바이오,KOSDAQ,46971676620
023440,제이스코홀딩스,KOSDAQ,46964378481
420570,제이투케이바이오,KOSDAQ,46955288490
097870,효성오앤비,KOSDAQ,46864800000
053160,프리엠스,KOSDAQ,46860000000
051390,YW,KOSDAQ,46840893000
28513K,SK케미칼우,KOSPI,46750980900
066670,디티씨,KOSDAQ,46542875820
357250,미래에셋맵스리츠,KOSPI,46440905090
069460,대호에이엘,KOSPI,46322277400
024950,삼천리자전거,KOSDAQ,46314000000
190650,코리아에셋투자증권,KOSDAQ,46249120000
065650,하이퍼코퍼레이션,KOSDAQ,46192067250
007530,와이엠,KOSDAQ,46066258170
003080,SB성보,KOSPI,46046000000
006490,인스코비,KOSPI,45992582076
037950,엘컴텍,KOSDAQ,45939448160
056700,신화인터텍,KOSDAQ,45654687597
079000,와토스코리아,KOSDAQ,45576000000
066910,손오공,KOSDAQ,45514551520
419120,산돌,KOSDAQ,45406146770
153460,네이블,KOSDAQ,45383597300
196300,HLB펩,KOSDAQ,45381964760
450330,하스,KOSDAQ,45109504930
005030,부산주공,KOSPI,45092532168
051490,나라엠앤디,KOSDAQ,45014000000
376290,씨유테크,KOSDAQ,44938337500
074610,이엔플러스,KOSPI,44815400070
090410,덕신이피씨,KOSDAQ,44793740340
452300,캡스톤파트너스,KOSDAQ,44704788275
200580,메디쎄이,KONEX,44675687210
0010V0,제이피아이헬스케어,KOSDAQ,44570142000
352700,씨앤투스,KOSDAQ,44539343805
364950,에이아이코리아,KOSDAQ,44468945200
033540,파라텍,KOSDAQ,44461627681
129890,앱코,KOSDAQ,44452507552
002920,유성기업,KOSPI,44396172500
069410,엔텔스,KOSDAQ,44360087920
066130,하츠,KOSDAQ,44288000000
286750,나노실리칸첨단소재,KOSDAQ,44231851517
004910,조광페인트,KOSPI,44224000000
261200,덴티스,KOSDAQ,44188111500
288330,파라택시스코리아,KOSDAQ,44129674368
059100,아이컴포넌트,KOSDAQ,44122166400
033830,티비씨,KOSDAQ,44100000000
000950,전방,KOSPI,44100000000
290120,DH오토리드,KOSDAQ,44073117945
035460,기산텔레콤,KOSDAQ,43940401300
087600,픽셀플러스,KOSDAQ,43936082040
133820,화인베스틸,KOSPI,43906455866
218150,미래생명자원,KOSDAQ,43893974300
002290,삼일기업공사,KOSDAQ,43772000000
263020,디케이앤디,KOSDAQ,43722221360
008870,금비,KOSPI,43700000000
100660,서암기계공업,KOSDAQ,43659000000
004410,서울식품,KOSPI,43558334352
019770,서연탑메탈,KOSDAQ,43454500000
250000,보라티알,KOSDAQ,43339705860
012280,영화금속,KOSPI,43333941875
011300,우성머티리얼스,KOSPI,43287920130
307280,원바이오젠,KOSDAQ,43277224700
215380,우정바이오,KOSDAQ,43252010320
178780,일월지엠엘,KOSDAQ,43242932400
009320,아진전자부품,KOSPI,43137298750
237820,플레이디,KOSDAQ,43099190400
297570,알로이스,KOSDAQ,43068795192
003060,에이프로젠바이오로직스,KOSPI,42876812650
127710,아시아경제,KOSDAQ,42727733700
340810,시선AI,KOSDAQ,42708774880
260660,알리코제약,KOSDAQ,42609118380
088340,유라클,KOSDAQ,42596231680
221840,하이즈항공,KOSDAQ,42543776275
206400,베노티앤알,KOSDAQ,42499009014
044960,이글벳,KOSDAQ,42413517465
122690,서진오토모티브,KOSDAQ,42304111278
263810,상신전자,KOSDAQ,42200786250
025880,케이씨피드,KOSDAQ,42123962160
072770,멤레이비티,KOSDAQ,42010243176
256150,한독크린텍,KOSDAQ,41933025000
204020,그리티,KOSDAQ,41916542960
011330,유니켐,KOSPI,41847156368
101240,씨큐브,KOSDAQ,41793951360
093240,형지엘리트,KOSPI,41745376120
239890,피엔에이치테크,KOSDAQ,41730171000
008420,문배철강,KOSPI,41724632675
049830,승일,KOSDAQ,41698361600
066900,디에이피,KOSDAQ,41690673999
258610,케일럼,KOSDAQ,41629456883
140520,대창스틸,KOSDAQ,41606317953
429270,시지트로닉스,KOSDAQ,41597539950
089150,케이씨티,KOSDAQ,41503000000
019490,엑시큐어하이트론,KOSPI,41349858070
011420,갤럭시아에스엠,KOSPI,41324466000
403490,우듬지팜,KOSDAQ,41247352672
271830,팸텍,KOSDAQ,41197812194
009140,경인전자,KOSPI,41154881400
263770,유에스티,KOSDAQ,41024997732
290090,트윔,KOSDAQ,40848718320
208710,포톤,KOSDAQ,40792508540
153490,우리이앤엘하루틴,KOSDAQ,40720680000
026940,부국철강,KOSPI,40700000000
091590,남화토건,KOSDAQ,40620400000
351320,넥사다이내믹스,KOSDAQ,40538646330
200350,아티스트스튜디오,KOSDAQ,40483901250
215090,솔디펜스,KOSDAQ,40476095428
017040,광명전기,KOSPI,40390657180
200780,비씨월드제약,KOSDAQ,40316198580
086040,바이오톡스텍,KOSDAQ,40294573675
052460,아이크래프트,KOSDAQ,40244863680
186230,그린플러스,KOSDAQ,40186291840
481850,신한글로벌액티브리츠,KOSPI,40129883872
122350,삼기,KOSDAQ,39834665692
221980,케이디켐,KOSDAQ,39823476000
064090,인크레더블버즈,KOSDAQ,39694710510
224110,에이텍모빌리티,KOSDAQ,39576206940
469750,아이비젼웍스,KOSDAQ,39556040188
050110,캠시스,KOSDAQ,39365836581
050860,아세아텍,KOSDAQ,39285000000
032960,동일기연,KOSDAQ,39197148300
198940,한주라이트메탈,KOSDAQ,39117592890
289220,자이언트스텝,KOSDAQ,39113323413
355690,에이텀,KOSDAQ,38936617200
083550,케이엠,KOSDAQ,38906193550
464500,아이언디바이스,KOSDAQ,38901271140
084870,TBH글로벌,KOSPI,38870686400
199480,뱅크웨어글로벌,KOSDAQ,38798017340
263700,케어랩스,KOSDAQ,38789571600
464280,티디에스팜,KOSDAQ,38765300000
020180,대신정보통신,KOSDAQ,38697917405
049800,우진플라임,KOSPI,38660000000
000215,DL우,KOSPI,38612033500
383930,디티앤씨알오,KOSDAQ,38608066560
430690,한싹,KOSDAQ,38569376160
005320,온타이드,KOSPI,38529701315
288980,모아데이타,KOSDAQ,38527880361
007120,미래아이앤지,KOSPI,38466305856
013000,세우글로벌,KOSPI,38464741540
064480,브리지텍,KOSDAQ,38427287500
014570,고려제약,KOSDAQ,38390000000
024120,KB오토시스,KOSDAQ,38352500000
434480,모니터랩,KOSDAQ,38346584500
407400,꿈비,KOSDAQ,38342479080
475660,에스켐,KOSDAQ,38261453875
335810,프리시젼바이오,KOSDAQ,38192140440
064520,테크엘,KOSDAQ,38153262834
220180,핸디소프트,KOSDAQ,38121831306
050120,ES큐브,KOSDAQ,38115081660
096630,에스코넥,KOSDAQ,38103175200
228340,동양파일,KOSDAQ,38100000000
203450,유니온바이오메트릭스,KOSDAQ,37872528830
123570,이엠넷,KOSDAQ,37847056522
046310,백금T&A,KOSDAQ,37762874300
365590,하이딥,KOSDAQ,37672027560
025440,DH오토웨어,KOSDAQ,37561542480
021880,메이슨캐피탈,KOSDAQ,37556640216
023960,에쓰씨엔지니어링,KOSPI,37465435375
026040,제이에스티나,KOSDAQ,37463603300
000890,보해양조,KOSPI,37430553875
340440,세림B&G,KOSDAQ,37374305388
900340,윙입푸드,KOSDAQ,37345548576
128540,에코캡,KOSDAQ,37313263080
057540,옴니시스템,KOSDAQ,37299600304
014990,인디에프,KOSPI,37256045520
134790,시디즈,KOSPI,37220000000
311390,네오크레마,KOSDAQ,37202139660
103840,우양,KOSDAQ,37151791560
081580,성우전자,KOSDAQ,37142002485
000760,이화산업,KOSPI,37128000000
476080,M83,KOSDAQ,37113815000
022220,티케이지애강,KOSDAQ,37084918564
119500,포메탈,KOSDAQ,36963363840
148250,알엔투테크놀로지,KOSDAQ,36953061360
387570,파인메딕스,KOSDAQ,36849645000
044480,빌리언스,KOSDAQ,36808764012
052600,한네트,KOSDAQ,36772566000
376180,피코그램,KOSDAQ,36695172126
057030,YBM넷,KOSDAQ,36622004765
027740,마니커,KOSPI,36391933644
332290,누보,KOSDAQ,36352912044
071850,캐스텍코리아,KOSDAQ,36270102310
066360,체리부로,KOSDAQ,36251723340
043910,자연과환경,KOSDAQ,36228568275
109820,진매트릭스,KOSDAQ,36198711000
043340,에쎈테크,KOSDAQ,36195000000
019570,플루토스,KOSDAQ,36192016128
475460,미트박스,KOSDAQ,36147881000
206560,덱스터,KOSDAQ,36110076856
296640,이노에이엑스,KOSDAQ,36092416440
145270,케이탑리츠,KOSPI,35997519726
284620,카이노스메드,KOSDAQ,35965517911
187270,신화콘텍,KOSDAQ,35909211300
106240,파인테크닉스,KOSDAQ,35790042600
459550,알트,KOSDAQ,35788259859
068940,셀피글로벌,KOSDAQ,35720093048
160550,NEW,KOSDAQ,35664003468
031310,아이즈비전,KOSDAQ,35606741247
031510,오스템,KOSDAQ,35420000000
900300,오가닉티코스메틱,KOSDAQ,35399443716
263050,유틸렉스,KOSDAQ,35324626904
388610,지에프씨생명과학,KOSDAQ,35269664850
318410,비비씨,KOSDAQ,35220240620
047080,한빛소프트,KOSDAQ,35198109316
450520,인스웨이브,KOSDAQ,35143941420
001210,금호전기,KOSPI,34962246895
002870,신풍,KOSPI,34923741300
336060,웨이버스,KOSDAQ,34864364800
002880,디와이에이,KOSPI,34846626275
0010F0,보원케미칼,KOSDAQ,34823753125
045060,오공,KOSDAQ,34731046700
363250,진시스템,KOSDAQ,34373863280
347770,핌스,KOSDAQ,34331277084
406820,뷰티스킨,KOSDAQ,34280180725
003535,한화투자증권우,KOSPI,34224000000
058110,멕아이씨에스,KOSDAQ,34027123600
262840,아이퀘스트,KOSDAQ,34025585440
037370,EG,KOSDAQ,34025514540
080520,오디텍,KOSDAQ,34023863085
060540,에스에이티,KOSDAQ,33999431106
078590,휴림에이텍,KOSDAQ,33972184600
006920,모헨즈,KOSDAQ,33961200000
277410,인산가,KOSDAQ,33840535905
356890,싸이버원,KOSDAQ,33829324750
054780,키이스트,KOSDAQ,33791746167
177830,파버나인,KOSDAQ,33734877500
097780,에코볼트,KOSDAQ,33686528072
290520,신도기연,KOSDAQ,33610953820
001380,SG글로벌,KOSPI,33498285790
446440,에피바이오텍,KONEX,33426676710
254120,자비스,KOSDAQ,33368382950
159910,에코글로우,KOSDAQ,33337703945
239610,에이치엘사이언스,KOSDAQ,33323270700
900310,컬러레이,KOSDAQ,33301671000
223310,사토시홀딩스,KOSDAQ,33257662380
002420,세기상사,KOSPI,33252610360
038620,위즈코프,KOSDAQ,33245235135
308170,씨티알모빌리티,KOSPI,33062400000
373170,엠아이큐브솔루션,KOSDAQ,33023631150
004365,세방우,KOSPI,32981895000
057680,티사이언티픽,KOSDAQ,32916807000
195500,마니커에프앤지,KOSDAQ,32914680000
133750,메가엠디,KOSDAQ,32910350262
495810,유비씨,KONEX,32800000000
075130,플랜티넷,KOSDAQ,32795837360
900070,글로벌에스엠,KOSDAQ,32783820480
195990,에이비프로바이오,KOSDAQ,32738626740
122830,원포유,KONEX,32719233015
051630,진양화학,KOSPI,32648000000
363260,모비데이즈,KOSDAQ,32646225535
270870,뉴트리,KOSDAQ,32568792960
099390,브레인즈컴퍼니,KOSDAQ,32545842095
021650,한국큐빅,KOSDAQ,32423166429
039740,한국정보공학,KOSDAQ,32394323880
112190,KC산업,KONEX,32319408132
187220,디티앤씨,KOSDAQ,32269812400
140430,카티스,KOSDAQ,32121968535
086060,진바이오텍,KOSDAQ,32117489510
088790,진도,KOSPI,32115179520
043200,파루,KOSDAQ,32105713920
006345,대원전선우,KOSPI,32004852000
007720,소노스퀘어,KOSDAQ,31953742650
025750,한솔홈데코,KOSPI,31903797420
089140,넥스턴앤롤코리아,KOSDAQ,31857766720
032790,엠젠솔루션,KOSDAQ,31791971228
075970,동국알앤에스,KOSDAQ,31703200000
005820,원림,KOSPI,31551128100
008250,이건산업,KOSPI,31543588800
227420,도부,KONEX,31538898790
114630,폴라리스우노,KOSDAQ,31454327600
359090,씨엔알리서치,KOSDAQ,31436482199
045300,성우테크론,KOSDAQ,31430095760
038870,에코심플렉스,KOSDAQ,31393485760
306040,에스제이그룹,KOSDAQ,31373333040
33626L,두산퓨얼셀2우B,KOSPI,31356150000
162120,루켄테크놀러지스,KONEX,31350051620
073540,에프알텍,KOSDAQ,31350000000
130500,GH신소재,KOSDAQ,31344587060
019175,신풍제약우,KOSPI,31282223300
208860,다산디엠씨,KOSDAQ,31233975160
33637K,솔루스첨단소재1우,KOSPI,31230490802
258830,세종메디칼,KOSDAQ,31223976612
016670,디모아,KOSDAQ,31143384870
318020,포인트모바일,KOSDAQ,31060711800
238490,힘스,KOSDAQ,31052087820
053950,경남제약,KOSDAQ,30930723109
012160,영흥,KOSPI,30928992732
225220,제놀루션,KOSDAQ,30895933810
033200,모아텍,KOSDAQ,30835172150
001070,대한방직,KOSPI,30740000000
038950,파인디지털,KOSDAQ,30734402650
035200,프럼파스트,KOSDAQ,30651358500
290270,휴네시온,KOSDAQ,30648473680
169330,엠브레인,KOSDAQ,30589253060
440320,오픈놀,KOSDAQ,30522150000
039290,인포뱅크,KOSDAQ,30515862780
045510,정원엔시스,KOSDAQ,30469990232
002025,코오롱우,KOSPI,30461471250
243870,아이티센코어,KONEX,30372625500
318000,KBG,KOSDAQ,30328573810
101000,KS인더스트리,KOSDAQ,30286448272
246250,에스엘에스바이오,KOSDAQ,30220617614
065950,웰크론,KOSDAQ,30207493140
464580,닷밀,KOSDAQ,30204392049
131220,대한과학,KOSDAQ,30190684500
038880,아이에이,KOSDAQ,30132837834
012620,원일특강,KOSDAQ,30052000000
080530,코디,KOSDAQ,29975872500
300120,라온피플,KOSDAQ,29949929680
090370,메타랩스,KOSPI,29935436178
263920,휴엠앤씨,KOSDAQ,29917529300
241840,에이스토리,KOSDAQ,29860181220
351870,차이커뮤니케이션,KOSDAQ,29798914140
032860,더라미,KOSDAQ,29771751031
142760,모아라이프플러스,KOSDAQ,29769887880
068050,팬엔터테인먼트,KOSDAQ,29743437624
010640,진양폴리,KOSPI,29742700000
337840,유엑스엔,KONEX,29624624640
046390,삼화네트웍스,KOSDAQ,29547555003
398120,에스지헬스케어,KOSDAQ,29546277500
017000,신원종합개발,KOSDAQ,29403428040
013810,스페코,KOSDAQ,29310940000
317120,라닉스,KOSDAQ,29283940000
009810,플레이그램,KOSPI,29253532500
115160,휴맥스,KOSDAQ,29236322760
002690,동일제강,KOSPI,29232518400
276730,한울앤제주,KOSDAQ,29221428110
003680,한성기업,KOSPI,29215768075
131100,티엔엔터테인먼트,KOSDAQ,29183285220
001000,신라섬유,KOSDAQ,29133048000
006050,국영지앤엠,KOSDAQ,28963051690
462510,라메디텍,KOSDAQ,28961754850
063760,이엘피,KOSDAQ,28907903000
317240,TS트릴리온,KOSDAQ,28884943890
068100,케이웨더,KOSDAQ,28864637120
023150,MH에탄올,KOSPI,28850036660
014130,한익스프레스,KOSPI,28740000000
131760,파인텍,KOSDAQ,28664842800
065370,위세아이텍,KOSDAQ,28649741520
004870,티웨이홀딩스,KOSPI,28630363982
027040,서울전자통신,KOSDAQ,28601015295
024070,WISCOM,KOSPI,28537827556
000040,KR모터스,KOSPI,28503810720
438700,버넥트,KOSDAQ,28363745050
318010,팜스빌,KOSDAQ,28347383350
342870,오아,KOSDAQ,28341024400
056730,CNT85,KOSDAQ,28221539248
073570,리튬포어스,KOSDAQ,28107160880
008470,부스타,KOSDAQ,28072032000
079170,한창산업,KOSDAQ,27976000000
310870,디와이씨,KOSDAQ,27845066766
353590,오토앤,KOSDAQ,27811231200
121890,에스디시스템,KOSDAQ,27779122140
462310,뉴키즈온,KOSDAQ,27747560190
131090,시큐브,KOSDAQ,27646177810
091340,S&K폴리텍,KOSDAQ,27620781560
367000,플래티어,KOSDAQ,27597201030
048470,대동스틸,KOSDAQ,27454250000
006740,블루산업개발,KOSPI,27443237700
210120,캔버스엔,KOSDAQ,27436825096
239340,이스트에이드,KOSDAQ,27384328510
462980,아이지넷,KOSDAQ,27351655500
252500,세화피앤씨,KOSDAQ,27298044620
464680,KB제27호스팩,KOSDAQ,27229550000
043220,티에스넥스젠,KOSDAQ,27227331360
274400,이노시뮬레이션,KOSDAQ,27214046535
010400,우진아이엔에스,KOSPI,27172430000
233990,질경이,KONEX,27063680052
032080,아즈텍WB,KOSDAQ,27035714482
354200,엔젠바이오,KOSDAQ,27024228000
001810,무림SP,KOSDAQ,27007750000
333050,이노테나,KOSDAQ,26976204200
030720,동원수산,KOSPI,26945530950
311060,엘에이티,KONEX,26922698280
237750,피앤씨테크,KOSDAQ,26765992000
006570,대림통상,KOSPI,26674200000
405920,나라셀라,KOSDAQ,26657617320
403810,아이엘로보틱스,KONEX,26632087280
258790,소프트캠프,KOSDAQ,26590721920
257370,피엔티엠에스,KOSDAQ,26572829625
005110,한창,KOSPI,26467434378
434190,탈로스,KONEX,26456268060
373110,엑셀세라퓨틱스,KOSDAQ,26322067668
900110,딥커머스,KOSDAQ,26291693185
002820,SUN&L,KOSPI,26287657065
143210,핸즈코퍼레이션,KOSPI,26229020653
053290,NE능률,KOSDAQ,26144617674
018680,서울제약,KOSDAQ,26116874560
354390,바스칸바이오제약,KONEX,26107878840
012170,아센디오,KOSPI,26103376416
051380,피씨디렉트,KOSDAQ,26093462472
027580,상보,KOSDAQ,26039761000
002355,넥센타이어1우B,KOSPI,26032500000
303530,이노뎁,KOSDAQ,26017814955
043360,디지아이,KOSDAQ,26010000000
032750,삼진,KOSDAQ,26009631360
304840,피플바이오,KOSDAQ,25998785540
091970,나노캠텍,KOSDAQ,25994991000
058450,한주에이알티,KOSDAQ,25919133240
397810,애드포러스,KOSDAQ,25855457700
200230,텔콘RF제약,KOSDAQ,25819995413
096690,에이루트,KOSDAQ,25786417220
138070,신진에스엠,KOSDAQ,25782219492
403360,라피치,KONEX,25782024230
033250,체시스,KOSPI,25728000000
007770,한일화학,KOSDAQ,25693200000
424760,벨로크,KOSDAQ,25612919220
033050,제이엠아이,KOSDAQ,25574783470
019660,글로본,KOSDAQ,25518129390
059180,엔더블유시,KONEX,25507632000
004270,남성,KOSPI,25420936320
109960,앱토크롬,KOSDAQ,25390764900
331520,밸로프,KOSDAQ,25330466220
005360,모나미,KOSPI,25284596766
013720,THE CUBE&,KOSDAQ,25243679345
405000,플라즈맵,KOSDAQ,25180192640
003495,대한항공우,KOSPI,25048404700
008775,호텔신라우,KOSPI,25037570700
131180,딜리,KOSDAQ,25006200000
006200,한국전자홀딩스,KOSPI,24992874090
069640,한세엠케이,KOSPI,24979624865
446070,유니드비티플러스,KOSPI,24883299175
024890,대원화성,KOSPI,24873237450
206950,볼빅,KONEX,24761909135
036480,대성미생물,KOSDAQ,24738000000
071950,코아스,KOSPI,24719042880
148930,에이치와이티씨,KOSDAQ,24624015460
270520,앱튼,KOSDAQ,24612960328
290560,파라택시스이더리움,KOSDAQ,24599003000
069140,누리플랜,KOSDAQ,24560873108
093380,풍강,KOSDAQ,24500696240
291230,엔피,KOSDAQ,24473155125
016100,리더스코스메틱,KOSDAQ,24353639850
418620,E8,KOSDAQ,24217581940
179720,머니무브,KONEX,24200158400
267790,배럴,KOSDAQ,24182876805
301300,바이브컴퍼니,KOSDAQ,24165205944
015260,에이엔피,KOSPI,24123849728
002360,SH에너지화학,KOSPI,23893751950
052300,오션인더블유,KOSDAQ,23765159264
146060,율촌,KOSDAQ,23751423455
102950,아하,KONEX,23711278721
191600,블루탑,KONEX,23700513120
026910,광진실업,KOSDAQ,23635944450
078860,아이오케이이엔엠,KOSDAQ,23626175500
024940,PN풍년,KOSDAQ,23600000000
087260,모바일어플라이언스,KOSDAQ,23568271364
037400,우리엔터프라이즈,KOSDAQ,23548564708
044780,에이치케이,KOSDAQ,23539361064
021040,대호특수강,KOSDAQ,23506270242
080470,성창오토텍,KOSDAQ,23506000000
376980,원티드랩,KOSDAQ,23488177570
053060,세동,KOSDAQ,23431395013
067730,로지시스,KOSDAQ,23410891240
118000,메타케어,KOSPI,23396076432
039310,세중,KOSDAQ,23395072097
009310,참엔지니어링,KOSPI,23329484620
038530,케이바이오랩스,KOSDAQ,23328011952
103230,에스앤더블류,KOSDAQ,23328000000
377330,이지트로닉스,KOSDAQ,23320968210
208350,지란지교시큐리티,KOSDAQ,23292013750
357430,마스턴프리미어리츠,KOSPI,23245043934
070590,인티큐브,KOSDAQ,23234318154
207490,에이펙스인텍,KONEX,23220000000
139670,키네마스터,KOSDAQ,23211323640
115480,씨유메디칼,KOSDAQ,23170704921
060380,동양에스텍,KOSDAQ,23167200000
065150,대산F&B,KOSDAQ,23110448000
432980,엠에프씨,KOSDAQ,23068827270
431190,케이쓰리아이,KOSDAQ,23058241360
285800,진영,KOSDAQ,22720451000
054090,삼진엘앤디,KOSDAQ,22662982656
352940,인바이오,KOSDAQ,22550539750
016920,카스,KOSDAQ,22519507300
197140,디지캡,KOSDAQ,22486730112
123750,알톤,KOSDAQ,22483934393
009460,한창제지,KOSPI,22458841354
090150,아이윈,KOSDAQ,22445157048
076340,지에이이노더스,KONEX,22408716000
023770,플레이위드,KOSDAQ,22321505025
067010,이씨에스,KOSDAQ,22212540000
298060,풍전약품,KOSDAQ,22189993850
335870,윙스풋,KOSDAQ,22110624360
270210,에스알바이오텍,KONEX,22060564720
216400,인바이츠바이오코아,KONEX,22054360900
238200,비피도,KOSDAQ,22045100000
044380,주연테크,KOSPI,21885048252
208640,썸에이지,KOSDAQ,21860719878
115610,이미지스,KOSDAQ,21758353729
123840,뉴온,KOSDAQ,21642462000
455180,케이지에이,KOSDAQ,21635389800
348030,모비릭스,KOSDAQ,21608550000
224060,더코디,KOSDAQ,21597621570
353190,휴럼,KOSDAQ,21579374160
188040,바이오포트,KOSDAQ,21571609880
080720,한국유니온제약,KOSDAQ,21562456300
054220,비츠로시스,KOSDAQ,21454409664
331660,한국미라클피플사,KONEX,21450000000
025890,한국주강,KOSPI,21419951952
377030,비트맥스,KOSDAQ,21388720000
154030,아시아종묘,KOSDAQ,21313318989
060900,에이전트AI,KOSDAQ,21272419090
115570,스타플렉스,KOSDAQ,21198868740
017250,인터엠,KOSDAQ,21192785269
034940,조아제약,KOSDAQ,21159221841
322780,코퍼스코리아,KOSDAQ,21135724650
083640,인콘,KOSDAQ,21093302990
054940,엑사이엔씨,KOSDAQ,21032029432
085810,알티캐스트,KOSDAQ,21000948012
035620,바른손이앤에이,KOSDAQ,20991987504
236810,엔비티,KOSDAQ,20981626536
415380,스튜디오삼익,KOSDAQ,20952087225
377220,프롬바이오,KOSDAQ,20949400000
457600,벡트,KOSDAQ,20931352500
227610,아우딘퓨쳐스,KOSDAQ,20925985300
001685,대상우,KOSPI,20909602980
196700,웹스,KOSDAQ,20828008800
317860,노드메이슨,KONEX,20760789000
372800,아이티아이즈,KOSDAQ,20724521605
032680,소프트센,KOSDAQ,20668178071
065060,지엔코,KOSDAQ,20666831700
362990,드림인사이트,KOSDAQ,20664706020
279600,미디어젠,KOSDAQ,20659884210
00499K,롯데지주우,KOSPI,20583156650
148780,비큐AI,KOSDAQ,20565504150
130740,티피씨글로벌,KOSDAQ,20534832459
900100,파이온엑스,KOSDAQ,20523835278
079650,서산,KOSDAQ,20500000000
322970,무진메디,KONEX,20473948670
465770,STX그린로지스,KOSPI,20473296360
365900,브이씨,KOSDAQ,20468840000
109670,씨싸이트,KOSDAQ,20428107000
001420,태원물산,KOSPI,20178000000
020400,대동금속,KOSDAQ,20059854140
169670,코스텍시스템,KONEX,20050122990
222980,한국맥널티,KOSDAQ,20033173128
084440,유비온,KOSDAQ,20031644787
101400,엔시트론,KOSDAQ,19961039600
032280,삼일,KOSDAQ,19942715700
225590,패션플랫폼,KOSDAQ,19922152640
018700,졸스,KOSDAQ,19901196200
015020,이스타코,KOSPI,19883142400
368600,아이씨에이치,KOSDAQ,19664526420
215480,토박스코리아,KOSDAQ,19600500000
083470,이엠앤아이,KOSDAQ,19526401035
050760,에스폴리텍,KOSDAQ,19519940210
278990,EMB,KONEX,19355464800
002070,비비안,KOSPI,19354969200
101680,한국정밀기계,KOSDAQ,19329200000
049120,파인디앤씨,KOSDAQ,19305628323
023790,동일스틸럭스,KOSDAQ,19291036608
193250,링크드,KOSDAQ,19278001386
328380,솔트웨어,KOSDAQ,19255679550
076080,웰크론한텍,KOSDAQ,19205032600
214610,롤링스톤,KOSDAQ,19197807380
247660,나노씨엠에스,KOSDAQ,19134967600
303030,지니틱스,KOSDAQ,19047550080
217320,썬테크,KONEX,18889500000
389680,유디엠텍,KOSDAQ,18882979110
289010,아이스크림에듀,KOSDAQ,18853986112
005257,녹십자홀딩스2우,KOSPI,18738678500
031860,디에이치엑스컴퍼니,KOSDAQ,18714758139
222670,플럼라인생명과학,KONEX,18692639820
417180,핑거스토리,KOSDAQ,18601537200
226340,본느,KOSDAQ,18542969640
051780,큐로홀딩스,KOSDAQ,18524777040
042040,케이피엠테크,KOSDAQ,18507312138
054410,케이피티유,KOSDAQ,18410517460
032980,바이온,KOSDAQ,18354952980
113810,디젠스,KOSDAQ,18336964662
312610,에이에프더블류,KOSDAQ,18231199200
065770,CS,KOSDAQ,17906767425
134060,이퓨쳐,KOSDAQ,17884687500
060230,제이케이시냅스,KOSDAQ,17819944505
110020,전진바이오팜,KOSDAQ,17782349806
098660,에스티오,KOSDAQ,17751385920
008600,윌비스,KOSPI,17615839860
009440,KC그린홀딩스,KOSPI,17568790596
254160,제이엠멀티,KONEX,17440800000
275630,에스에스알,KOSDAQ,17416373520
014100,메디앙스,KOSDAQ,17393200000
086220,광동헬스바이오,KONEX,17369687185
45226K,한화갤러리아우,KOSPI,17368730600
115530,씨엔플러스,KOSDAQ,17345638200
060480,국일신동,KOSDAQ,17333670000
476710,타조이엔터테인먼트,KONEX,17280000000
048830,엔피케이,KOSDAQ,17188561314
018620,우진비앤지,KOSDAQ,17160238260
240600,유진테크놀로지,KOSDAQ,17147173725
191410,육일씨엔에쓰,KOSDAQ,17120101640
032800,판타지오,KOSDAQ,17059258816
108675,LX하우시스우,KOSPI,16899242100
482680,미래에셋비전스팩7호,KOSDAQ,16881825000
065690,파커스,KOSDAQ,16873246531
241820,피씨엘,KOSDAQ,16803871920
0070X0,에스테크엠,KONEX,16776100000
069330,유아이디,KOSDAQ,16766095686
001770,SHD,KOSPI,16692423720
477380,미래에셋비전스팩4호,KOSDAQ,16645500000
011090,에넥스,KOSPI,16461706016
028080,휴맥스홀딩스,KOSDAQ,16450295790
052960,태양3C,KONEX,16371711300
344860,이노진,KOSDAQ,16336740000
336040,타스컴,KONEX,16269700490
019685,대교우B,KOSPI,16240963640
009730,이렘,KOSDAQ,16006834298
067770,세진티에스,KOSDAQ,15978716479
204210,JK리버스톤리츠,KOSPI,15927568525
00806K,대덕1우,KOSPI,15918247410
106520,노블엠앤비,KOSDAQ,15904036272
199730,바이오인프라,KOSDAQ,15833514585
18064K,한진칼우,KOSPI,15780920400
0072Z0,KB제33호스팩,KOSDAQ,15683265000
092600,앤씨앤,KOSDAQ,15677196875
192390,윈하이텍,KOSDAQ,15599571806
005725,넥센우,KOSPI,15572595000
361670,삼영에스앤씨,KOSDAQ,15529382920
096870,엘디티,KOSDAQ,15468842147
0101C0,하나36호스팩,KOSDAQ,15441300000
045520,크린앤사이언스,KOSDAQ,15405000000
0130H0,엔에이치스팩33호,KOSDAQ,15376900000
469880,하나30호스팩,KOSDAQ,15340500000
477340,에이치엠씨제7호스팩,KOSDAQ,15245300000
176590,코나솔,KONEX,15174595800
030350,드래곤플라이,KOSDAQ,15171092867
0044K0,삼성스팩10호,KOSDAQ,15152800000
308100,형지글로벌,KOSDAQ,15134495040
00781K,코리아써키트2우B,KOSPI,15086205750
177350,베셀,KOSDAQ,15035131755
900270,헝셩그룹,KOSDAQ,14886869440
137940,넥스트아이,KOSDAQ,14820056664
065420,에스아이리소스,KOSDAQ,14816500893
379390,이성씨엔아이,KONEX,14775592000
227100,프로브잇,KOSDAQ,14770119384
083660,CSA 코스믹,KOSDAQ,14764922865
000087,하이트진로2우B,KOSPI,14691794000
233250,메디안디노스틱,KONEX,14670885600
0115H0,삼성스팩13호,KOSDAQ,14641200000
900120,씨엑스아이,KOSDAQ,14603186473
250930,예선테크,KOSDAQ,14553194040
473050,유안타제15호스팩,KOSDAQ,14545750000
351020,미쥬,KONEX,14504250000
079190,케스피온,KOSDAQ,14402495507
043590,웰킵스하이텍,KOSDAQ,14246800050
478440,미래에셋비전스팩6호,KOSDAQ,14206500000
002680,한탑,KOSDAQ,14154757962
208850,이비테크,KONEX,14129452500
479880,한국제15호스팩,KOSDAQ,14083500000
0099W0,미래에셋비전스팩11호,KOSDAQ,14000000000
001795,대한제당우,KOSPI,13905520200
012205,계양전기우,KOSPI,13795132200
188260,세니젠,KOSDAQ,13748549940
352770,셀레스트라,KOSDAQ,13610136750
060260,뉴보텍,KOSDAQ,13595860764
154040,다산솔루에타,KOSDAQ,13552320970
244460,올리패스,KOSDAQ,13415218661
456190,큐라켐,KONEX,13402745040
489480,키움제11호스팩,KOSDAQ,13365000000
481890,엔에이치스팩31호,KOSDAQ,13229325000
0096B0,삼성스팩12호,KOSDAQ,13140260000
149010,아이케이세미콘,KONEX,13088400000
025870,신라에스지,KOSDAQ,13040000000
0097F0,미래에셋비전스팩10호,KOSDAQ,12980500000
419540,비스토스,KOSDAQ,12967775640
0093G0,미래에셋비전스팩8호,KOSDAQ,12780800000
489730,디비금융제13호스팩,KOSDAQ,12758980000
471050,대신밸런스제17호스팩,KOSDAQ,12726000000
478390,KB제29호스팩,KOSDAQ,12719900000
054180,메디콕스,KOSDAQ,12686716395
0099X0,IBKS제25호스팩,KOSDAQ,12677600000
0037T0,KB제32호스팩,KOSDAQ,12653670000
492220,KB제31호스팩,KOSDAQ,12637350000
084695,대상홀딩스우,KOSPI,12615186420
0054V0,엔에이치스팩32호,KOSDAQ,12588412500
0088D0,메리츠제1호스팩,KOSDAQ,12517200000
0131D0,키움히어로제2호스팩,KOSDAQ,12455940000
0091W0,신영스팩11호,KOSDAQ,12439400000
482520,교보16호스팩,KOSDAQ,12413500000
088290,이원컴포텍,KOSDAQ,12378863744
217880,틸론,KONEX,12304201630
065570,삼영이엔씨,KOSDAQ,12295692232
291810,핀텔,KOSDAQ,12289577672
368970,오에스피,KOSDAQ,12241792440
482690,대신밸런스제19호스팩,KOSDAQ,12128400000
0041L0,하나35호스팩,KOSDAQ,12090150000
050090,비케이홀딩스,KOSDAQ,12088473085
069920,엑시온그룹,KOSDAQ,11983215569
477760,DB금융스팩12호,KOSDAQ,11972000000
001755,한양증권우,KOSPI,11917500000
0132G0,교보20호스팩,KOSDAQ,11904180000
084180,수성웹툰,KOSDAQ,11838655365
302920,더콘텐츠온,KONEX,11836133400
079950,인베니아,KOSDAQ,11729235000
289170,바이오텐,KONEX,11713656475
004105,태양금속우,KOSPI,11649000000
001515,SK증권우,KOSPI,11620166580
38380K,LX홀딩스1우,KOSPI,11575751500
469900,하나31호스팩,KOSDAQ,11574325000
0071M0,삼성스팩11호,KOSDAQ,11548800000
012340,뉴인텍,KOSDAQ,11515017928
060240,스타코링크,KOSDAQ,11502414560
253610,루트락,KONEX,11427491094
487360,신한제14호스팩,KOSDAQ,11404080000
225430,케이엠제약,KOSDAQ,11322142300
474660,신한제12호스팩,KOSDAQ,11316000000
474490,유안타제16호스팩,KOSDAQ,11295500000
477470,미래에셋비전스팩5호,KOSDAQ,11288800000
145995,삼양사우,KOSPI,11287135000
496070,신한제16호스팩,KOSDAQ,11268100000
0105P0,유진스팩12호,KOSDAQ,11240760000
0129K0,신한제18호스팩,KOSDAQ,11178180000
004255,NPC우,KOSPI,11140800000
0096D0,미래에셋비전스팩9호,KOSDAQ,10961500000
0098T0,교보19호스팩,KOSDAQ,10908000000
035290,골드앤에스,KOSDAQ,10846399200
073190,듀오백,KOSDAQ,10795172080
486630,KB제30호스팩,KOSDAQ,10752750000
489210,교보17호스팩,KOSDAQ,10748500000
008290,원풍물산,KOSDAQ,10661743636
493790,유안타제17호스팩,KOSDAQ,10646550000
0004Y0,디비금융제14호스팩,KOSDAQ,10630000000
0130D0,신한제17호스팩,KOSDAQ,10615920000
121850,코이즈,KOSDAQ,10569127910
043100,알파AI,KOSDAQ,10457241600
469480,IBKS제24호스팩,KOSDAQ,10426950000
008500,일정실업,KOSPI,10350000000
478110,이베스트스팩6호,KOSDAQ,10265900000
001067,JW중외제약2우B,KOSPI,10246682400
472220,신영스팩10호,KOSDAQ,10200750000
466690,키움히어로제1호스팩,KOSDAQ,10174715000
498390,한화플러스제5호스팩,KOSDAQ,10168000000
33637L,솔루스첨단소재2우B,KOSPI,10163616240
0041B0,교보18호스팩,KOSDAQ,10155600000
244880,나눔테크,KONEX,10040000000
009620,삼보산업,KOSDAQ,9907218216
238500,솔루믹스,KONEX,9883469400
488060,유진스팩11호,KOSDAQ,9581600000
011080,형지I&C,KOSDAQ,9580664260
106080,케이이엠텍,KOSDAQ,9506998050
003075,코오롱글로벌우,KOSPI,9496248340
145210,다이나믹디자인,KOSPI,9461013632
464440,한국제13호스팩,KOSDAQ,9136800000
224760,엔에스컴퍼니,KONEX,9120405500
484130,하나34호스팩,KOSDAQ,9107800000
236340,메디젠휴먼케어,KONEX,9043941000
103660,씨앗,KONEX,9020189029
473950,에스케이증권제13호스팩,KOSDAQ,8994700000
467930,IBKS제23호스팩,KOSDAQ,8904150000
465320,교보15호스팩,KOSDAQ,8896350000
178600,대동고려삼,KONEX,8881401600
309930,조이웍스앤코,KOSDAQ,8834925836
468760,유진스팩10호,KOSDAQ,8776800000
487830,신한제15호스팩,KOSDAQ,8765250000
332190,오션스바이오,KONEX,8674914930
0068Y0,비엔케이제3호스팩,KOSDAQ,8607070000
114920,대주이엔티,KONEX,8604360000
472230,에스케이증권제11호스팩,KOSDAQ,8600850000
000225,유유제약1우,KOSPI,8591664700
189350,코셋,KONEX,8544000000
487720,키움제10호스팩,KOSDAQ,8523450000
03481K,해성산업1우,KOSDAQ,8333590650
185190,수프로,KONEX,8314762500
0041J0,엘에스스팩1호,KOSDAQ,8207670000
001065,JW중외제약우,KOSPI,8138433800
004835,덕성우,KOSPI,8101440000
236030,씨알푸드,KONEX,7726661600
004985,성신양회우,KOSPI,7687490250
475250,하나33호스팩,KOSDAQ,7677500000
079970,투비소프트,KOSDAQ,7646223464
474930,신한제13호스팩,KOSDAQ,7583900000
212310,오건에코텍,KONEX,7514663025
199150,데이터스트림즈,KONEX,7384700490
066830,제노텍,KONEX,7361666820
276040,스코넥,KOSDAQ,7073119545
341170,퓨쳐메디신,KONEX,7046714145
000325,노루홀딩스우,KOSPI,6807474050
473000,에스케이증권제12호스팩,KOSDAQ,6802050000
101390,아이엠,KOSDAQ,6698084184
199290,바이오프로테크,KONEX,6693328720
475240,하나32호스팩,KOSDAQ,6656000000
234070,에이원큐브텍,KONEX,6459532384
26490K,크라운제과우,KOSPI,6312249600
447690,아이오바이오,KONEX,6049588800
251280,안지오랩,KONEX,5796504200
224810,엄지하우스,KONEX,5796000000
267080,세븐브로이맥주,KONEX,5769504288
276240,엘리비젼,KONEX,5590164652
215570,크로넥스,KONEX,5540642716
044180,KD,KOSDAQ,5477148795
009415,태영건설우,KOSPI,5459781600
202960,판도라티비,KONEX,5457336556
318660,타임기술,KONEX,5380252500
090355,노루페인트우,KOSPI,5325949000
313760,캐리,KOSDAQ,5244963048
092590,럭스피아,KONEX,5205843972
311960,인터로이드,KONEX,5172839496
266350,팡스카이,KONEX,5026568860
258050,테크트랜스,KONEX,5004531101
327610,펨토바이오메드,KONEX,4993610310
000545,흥국화재우,KOSPI,4899840000
346010,타이드,KONEX,4860062000
116100,태양기계,KONEX,4835990900
043090,더테크놀로지,KOSDAQ,4718944500
000145,하이트진로홀딩스우,KOSPI,4566857000
052770,아이톡시,KOSDAQ,4545457488
299480,지앤이헬스케어,KONEX,4362591999
121060,유니포인트,KONEX,4357583937
136660,큐엠씨,KONEX,4226100500
217910,에스제이켐,KONEX,4183166078
014825,동원시스템즈우,KOSPI,4014487200
014285,금강공업우,KOSPI,3899073750
002995,금호건설우,KOSPI,3887137800
005745,크라운해태홀딩스우,KOSPI,3826624620
005965,동부건설우,KOSPI,3720063360
140910,에이리츠,KOSPI,3704316560
004545,깨끗한나라우,KOSPI,3595691200
007575,일양약품우,KOSPI,3551738400
008355,남선알미우,KOSPI,3540735000
36328K,티와이홀딩스우,KOSPI,3524847000
208890,미래엔에듀파트너,KONEX,3520852080
000227,유유제약2우B,KOSPI,3476980800
223220,로지스몬,KONEX,3324801777
266470,바이오인프라생명과학,KONEX,3232458204
390110,애니메디솔루션,KONEX,2947902288
001525,동양우,KOSPI,2890981080
093510,엔지브이아이,KONEX,2883580000
402420,켈스,KONEX,2865490860
014915,성문전자우,KOSPI,2862000000
002785,진흥기업우B,KOSPI,2815961130
413300,티엘엔지니어링,KONEX,2663836065
140660,위월드,KONEX,2574305820
245450,씨앤에스링크,KONEX,2524776080
011155,CJ씨푸드1우,KOSPI,2386000000
002787,진흥기업2우B,KOSPI,2308346640
448780,마이크로엔엑스,KONEX,2308160160
001527,동양2우B,KOSPI,2280324910
021045,대호특수강우,KOSDAQ,2189109360
032685,소프트센우,KOSDAQ,2040953200
004415,서울식품우,KOSPI,1910845500
296520,가이아코퍼레이션,KONEX,1367433344
266170,레드우즈,KONEX,1366092000
279060,이노벡스,KONEX,1127904590
230980,비유테크놀러지,KOSDAQ,466602785
